제목,기관,키워드,본문
"로지텍, 패션 브랜드 '빅웨이브 컬렉티브'와 브랜드 콜라보 진행","로지텍,SSF샵,로지텍 X","로지텍,패션,브랜드,빅웨이브,컬렉티브,진행,브랜드,콜라보,로지텍,패션,브랜드,빅웨이브,컬렉티브,SSF샵,브랜드,콜라보,진행,14일,브랜드,콜라보,여름철,워케이션,컨셉,여행지,업무,진행,여유,휴식,마련,콜라보,일환,이달,홈페이지,SSF,온라인,시그니처,사무,무선,기계식,키보드,키캡,빅웨이브,콜라보,구성,로지텍,판매,패키지,브랜드,콜라보,제주도,위치,워케이션,공간,오피스,제주,사계점,조정훈,로지텍,코리아,지사장,트렌드,선도,빅웨이브,컬렉티브,콜라보,진행","로지텍은 패션 브랜드 '빅웨이브 컬렉티브'와 SSF샵에서 브랜드 콜라보를 진행한다고 14일 밝혔다.

이번 브랜드 콜라보는 여름철 워케이션을 컨셉으로 삼았다. 여행지에서 업무를 진행하고, 여유롭게 휴식도 취하고 싶은 이들을 위해 마련됐다.

콜라보의 일환으로 이달 27일까지 SSF샵 온라인 홈페이지에서 '시그니처 K855' 사무용 무선 기계식 키보드와 .."
"컴퓨존, 네오위즈와 `P의 거짓 콜라보 PC` 출시","네오위즈,마켓플레이스,컴퓨존,PC,유니크,AMD,잘만테크","컴퓨존,네오위즈,PC,거짓,콜라보,출시,컴퓨존,PC,마켓플레이스,네오위즈,최신작,거짓,콜라보,상품,AMD,컬러풀,잘만테크,다수,브랜드,협업,안정,확보,업그레이드,PC,디럭스,게임,패드,한정판,굿즈,사은품,증정,디지털,라이프,스타일,쇼핑,플랫폼,지향,컴퓨터,컴퓨존,전자,제품,전문,쇼핑,플랫폼,대표이사,노인호,네오위즈,게임,개발사,공동,대표,김승철,배태근,최신작,거짓,콜라보,조립,PC,PC,거짓,콜라보,한정,수량,판매,18일,거짓,출시,글로벌,100만,누적,판매량,돌파,정도,인기,PC,콘솔,신작,게임,조립,PC,거짓,사례,IP,콜라보,PC,거짓,콜라보,컴퓨존,네오위즈,사간,마케팅,협업,바탕,제작,상품,조립,PC,거짓,로고,캐릭터,이미지,부착,한정판,케이스,활용,팬심,자극,유니크,외형,거짓,프로세서,AMD,라이젠,라데온,그래픽,카드,최적화,우수,게이밍,퍼포먼스,발휘,AMD,라이젠,7800X3D,프로세서,파워컬러,레드데빌,Radeon,RX7800XT,레드,데빌,그래픽카드,검증,부품들,채택,고객들,최상,게이밍,환경,경험,구성,PC,거짓,콜라보,출시,구매자들,이벤트,진행,상품,콜라보,PC,구매,고객들,거짓,PC,디럭스,업그레이드,XBOX,게임,패드,사은품,지급,PC,구매,고객들,추첨,21명,한정판,굿즈,티셔츠,지급,예정,컴퓨존,관계자,네오위즈,구성,판매,PC,콜라보,조립,거짓,유명,IP,제휴,상품,구성,영광,컴퓨존,브랜드,제휴,구성,조립,PC,지속적,구성","디지털 라이프스타일 쇼핑 플랫폼을 지향하는 컴퓨터, 전자제품 전문 쇼핑 플랫폼 컴퓨존(대표이사 노인호)이 게임 개발사 네오위즈(공동 대표 김승철, 배태근)의 최신작 'P의 거짓'과 콜라보한 조립 PC인 'P의 거짓 콜라보 PC'를 50대 한정 수량 판매한다고 18일 밝혔다.



'P의 거짓'은 지난 9월 글로벌 출시 후 한달 만에 누적 판매량 100만.."
"DGB금융, 캐릭터 단똑우와 인스타툰 작가 콜라보","DGB금융그룹,DGB금융","DGB금융,캐릭터,단똑우,콜라보,인스타툰,작가,DGB금융그룹,캐릭터,그룹,대표,단똑우,단디,똑디,우디,인스타툰,작가,콜라보,콘텐츠,제작,콜라보,콘텐츠,인스타툰,캐릭터,단똑우,일상생활,에피소드,일상생활,스토리,3회,업로드,계정,작가,인스타그램,DGB,금융,그룹,공식,계정,선넘,단똑우,업로드,공개,콘텐츠,강아지,고양이,캐릭터,몽냥툰,작가,협업,2회,27일,쿼카,병아리,캐릭터,개니,마찌,작가,콜라보,콘텐츠,3회,10월,뱁새,캐릭터,김뱁새,작가,협업,DGB금융그룹,제작,인스타툰,콘텐츠,기념,이벤트,진행,선넘,계정,팔로우,게시글,웹툰,콘텐츠,감상,참여완료,댓글,추첨,경품,증정","DGB금융그룹은 그룹 대표 캐릭터인 단똑우(단디 똑디 우디)와 인스타툰 작가의 콜라보 콘텐츠를 제작했다. 
 
 
 
이번 콜라보 콘텐츠는 인스타툰 캐릭터와 단똑우의 일상생활 속 에피소드를 다루는 스토리로 3회에 나눠 업로드된다. 작가 인스타그램 계정과 DGB금융그룹 공식 계정 ‘선넘는 단똑우’에 업로드된다. 
 
앞서 공개한 1회차 콘텐츠는 강아지 고.."
"쿼시, 카멜커피와 콜라보 진행 한정 패키지 출시","F&B,쿼시X카멜커피,카멜커피","쿼시,카멜커피,출시,콜라보,진행,한정,패키지,쿼시,Quash,한국,카페,브랜드,이름,카멜커피,콜라보,진행,쿼시,카멜커피,전개,청소&위생,F&B,카테고리,프로젝트,고객들,즐거움,브랜드,공통점,발견,콜라보,진행,콜라보,제품,롤티슈,쿼시,세정,카멜,커피,특유,클래식,빈티지,감성,특별,패키지,디자인,제품,쿼시,카멜,커피,콜라보,디자,2종,한정,판매,진행,브랜드,콜라보,제품,홈페이지,쿼시,공식,구매,가능,카멜,커피,매장,비치,확인,인스타그램,쿼시,공식,콜라보,콘텐츠,확인","쿼시(Quash)는 ‘한국에서 가장 핫한 카페 브랜드’로 이름을 높이고 있는 “카멜커피” 와 콜라보를 진행한다고 밝혔다. 
 
 쿼시와 카멜커피는 전개하고 있는 각각의 청소&위생과 F&B라는 카테고리를 넘어 다양한 프로젝트를 선보여 고객들에게 즐거움을 주는 브랜드라는 공통점을 발견해 이번 콜라보를 진행하게 됐다고 한다. 
 
 콜라보 제품은 쿼시 세정 .."
모리셔스브라운-지노베타케어 이색 콜라보 진행 중,"모리셔스브라운,한국먼디파마,네이버,모시셔스브라운","모리셔스브라운,지노베타케어,진행,이색,콜라보,석촌호수점,모리셔스브라운,방송,콜라보,기념,네이버,라이브,프리미엄,밀크티,브랜드,모리셔스브라운,한국먼디파마,여성,청결제,지노베타케어,건강,주제,이너뷰티,헬시플레저,해시태그,콜라보,이벤트,진행,12일,이달,진행,콜라보,이벤트,기간,모리셔스브라운,밀크티,구매,인스타그램,포스팅,이너뷰티,헬시플레저,모시셔스브라운,지노베타케어,필수,해시태그,포함,음료,사진,업로드,한국먼디파마,출시,여성,청결제,지노베타케어,1종,매장,지난달,지노베타케어,모이스처라이저,런칭,카렌듈라,기념,방송,네이버,라이브,모리셔스브라운,인천,청라점,현장,콜라보,방송,진행,시청자들,관심,이달,11시,콜라보,기념,모리셔스브라운,석촌호수점,지노베타케어,고객,감사,네이버,라이브,방송,진행,예정,대표이사,박종원,모리셔스브라운,대표,이사,모리셔스브라운,지노베타케어,이벤트,분들,참여,진심,감사,콜라보,이벤트,기간,진행,이벤트,분들,건강,즐거움,경험,제공,모리셔스브라운,칼슘,마그네슘,영양성분,비정제원당,우유,사용,소비자,건강,밀크티,제공,한국먼디파마,1998년,대한민국,진출,다국적,제약,회사,메디폼,베타딘,브랜드,여성,건강,일반의약품,질염,치료제,지노베타딘,화장품,카테고리,여성,청결제,지노베타케어,라인업,보유","프리미엄 밀크티 브랜드 모리셔스브라운은 한국먼디파마의 여성청결제 ‘지노베타케어’와 함께 건강을 주제로 한 이너뷰티, 헬시플레저 해시태그 콜라보 이벤트를 진행하고 있다고 12일 밝혔다. 
 
이달 24일까지 진행되는 이번 콜라보는 이벤트 기간동안 모리셔스브라운 밀크티를 구매하고 인스타그램 포스팅에 이너뷰티, 헬시플레저, 모시셔스브라운, 지노베타케어 필수 .."
"반올림피자, 모바일 게임 '고양이와 스프'와 콜라보 프로모션 진행","반올림피자,네오위즈,반올림","반올림피자,고양이,모바일,게임,스프,진행,콜라보,프로모션,반올림피자,힐링,모바일,게임,고양이,스프,협업,프로모션,진행,18일,고양이,스프,네오위즈,서비스,게임,힐링,방치,고양이들,스프,주스,볶음,음식,휴식,구경,고양이,일러스트,움직,인기,4800만,누적,다운로드,기록,반올림피자,고양이,스프,콜라보,기념,스페셜,메뉴,고양이,피자,스프,스페셜,반올림고구마피자,콤비네이션피자,치즈링,구성,고양이,반반,피자,1종,스페셜,쿠폰,제공,고양이,세트,스프,스페셜,반올림고구마피자,콤비네이션,피자,치즈링,구성,고양이,반반,피자,치즈오븐스파게티,음료,1종,스페셜,쿠폰,구성,스페셜,쿠폰,콜라보,메뉴,주문,고양이,스프,게임,아이템,반올림,피자,코스튬,보석,메뉴,주문,풍선,보석,일반,쿠폰,제공,반올림,피자,자사,콜라보,메뉴,구매,별마카롱,보석,앱스페셜,쿠폰,반올림피자,주문,고양이,패키지,스프,콜라보,반올림피자,콜라보,프로모션,17일,진행,반올림피자,콜라보,기념,배달,민족,반올림피자,주문,이날,5000원,일주일간,최대,할인,반올림,피자,관계자,고양이,스프,콜라보,요리,힐링,키워드,반올림피자,지향,가치,기획,콜라보,프로모션,반올림피자,힐링","반올림피자는 힐링 모바일 게임 '고양이와 스프'와 협업 프로모션을 진행한다고 18일 밝혔다.

'고양이와 스프'는 네오위즈가 서비스하는 힐링 방치형 게임으로 고양이들이 스프나 주스, 볶음 등 여러 음식을 만들거나 휴식을 취하는 것을 구경할 수 있다. 고양이의 일러스트와 움직임이 귀여워 큰 인기를 얻으며 누적 다운로드 4800만 을 기록했다.

반올림피자.."
"이디야커피 산리오캐릭터들과 두번째 만남, 시즌2 신제품 출시 및 프로모션 진행","이디야멤,이디야커피,산리오캐릭터즈,헬로키티 아이스콘 초코,이디야","이디야커피,산리오,캐릭터,번째,출시,시즌,프로모션,진행,산리오캐릭터즈,협업,음료,스낵,굿즈,출시,기프트,카드,이디야커피,산리오코리아,글로벌,캐릭터,기업,산리오캐릭터즈,협업,신제품,출시,콜라보,6월,호응,이디야,커피,산리오캐릭터즈,시즌,번째,산리오캐릭터즈,활용,음료,스낵,MD,기프트카드,콜라보,상품,콜라보,음료,초콜릿,쿠로미,데블,폼폼푸린,골든,슈크림,라떼,2종,산리오캐릭터즈,컬러감,특징,초콜릿,쿠로미,데블,다크초콜릿,베리,휘핑크림,소스,퍼플,초코,스프링클,폼폼푸린,골든,슈크림,라떼,커스터드,카라멜향,조화,라떼,크림,코코아파우더,강조,에스프레소,추가,원두,콜라보,음료,초코,헬로키티,아이스콘,오븐,초콜릿,스낵,디자,콜라보,기간,헬로키티,패키지,계절감,굿즈,패브릭,달력,재질,달력,부착,인테리어,소품,활용,제작,시나모롤,머그,고급,질감,도자기,소재,제품,전면,시나모롤,캐릭터,윈터,블랭킷,촉감,담요,스냅,단추,실용적,활용,가능,산리오캐릭터즈,디자인,기프트카드,2종,충전형,기프트카드,매장,전국,이디야,커피,이디야멤버스,지속,사용,가능,이디야커피,콜라보,기념,산리오캐릭터즈,활용,굿즈,메뉴,교환,증정,오프라인,프로모션,진행,2일,매장,전국,이디야커피,구매,콜라보,음료,구매,음료,1장,캐릭터,부적,제공,산리오캐릭터즈,기프트카드,구매,고객,랜덤,핀버튼,증정,이디야멤버스,2일,8일,일주일간,참여,가능,룰렛,이벤트,패브릭,달력,시나모롤,머그,윈터,블랭킷,굿즈,할인쿠폰,콜라보,음료,랜덤,증정,15일,3주,콜라보,음료,경품,응모,고객,당첨,산리오캐릭터즈,굿즈,기회,제공,홈페이지,이디야커피,공식,2일,22일,2종,콜라보,음료,구매,적립,고객,100명,추첨,굿즈,세트,증정,2일,12일,매장,전국,이디야,커피,비치,산리오캐릭터즈,포토,프레임,인증샷,고객,추첨,굿즈,제공,이외,요즘,디지털,세대,특성,온라인굿즈,이디야커피,홈페이지,드로잉,이디야,전용,산리오캐릭터즈,휴대폰,워치,태블릿,배경,화면,무료,다운","이디야커피가 2일 글로벌 캐릭터 기업 산리오코리아의 '산리오캐릭터즈'와 협업한 다양한 신제품을 출시한다. 
 
 이번 콜라보는 지난 6월 뜨거운 호응을 얻었던 이디야커피X산리오캐릭터즈 시즌 1에 이은 두 번째 협업이다. 산리오캐릭터즈를 활용한 음료와 스낵, MD, 기프트카드 등 다양한 콜라보 상품을 선보인다. 
 
 이번 콜라보를 통해 새롭게 선보이는 .."
"대구FC, 스트릿 편집샵 이플릭(EPLC)과 콜라보 ‘대구 티셔츠’ 출시","대구FC,DGB대구은행,대구","대구FC,이플릭,스트릿,편집샵,EPLC,티셔츠,콜라보,대구,출시,프로,축구,대구,FC,이플릭,대구,스트릿,편집샵,EPLC,콜라보,대구,티셔츠,정식,출시,대구FC,이플릭,콜라보,대구,티셔츠,2019년,팬들,의견,반영,콜라보,제품,어린이,사이즈,아동,티셔츠,추가,대구,티셔츠,대구FC,컬러,하늘색,창단,연도,2002년,활용,심플,디자인,경기장,직관,일상,캐주얼,소화,특징,출시,대구,티셔츠,기념,화보,가족,모델,선수,대구,FC,이용래,이용래,선수,아들,이로한군,참여,대구,출신,래퍼,조원우,대학생,댄서,프리랜서,모델,아역,모델,참여,의미,대구,티셔츠,26일,4시,대구,FC,팀스토어,스토어,이플릭,온오프라인,중구,교동,구매,가능,잔여,수량,28일,1시,대구,FC,온라인,스토어,판매,대구,26일,제주,K리그,라운드,경기,제주전,홈경기,4시간,일반,티켓,예매,오픈,19일,6시,원정석,제외,전석,응원석,매진,대구,이날,대구,티셔츠,모델,활약,이용래,선수,테마,이용래,데이,DGB대구은행,SAVE,데이,행사,진행,예정,행사,정보,홈페이지,대구,FC,공식,확인,가능","프로축구 대구FC가 오는 26일 대구 스트릿 편집샵 이플릭(EPLC)과 콜라보한 ‘대구 티셔츠’를 정식 출시한다. 
 
대구FC와 이플릭의 대구 티셔츠 콜라보는 지난 2019년에 이어 이번이 두 번째다. 최근 팬들의 의견을 반영해 이번 콜라보 제품에는 어린이 팬들을 위한 아동용 티셔츠 사이즈(M, L)가 추가됐다. 
 
이번 대구 티셔츠는 대구FC의 팀.."
이디야커피X산리오캐릭터즈 시즌 2 신제품 출시 기념 프로모션,"헬로키티,이디야멤,이디야커피,산리오캐릭터즈,이디야","이디야,커피,산리오캐릭터즈,시즌,프로모션,출시,기념,이디야커피,산리오코리아,글로벌,캐릭터,기업,산리오캐릭터즈,협업,신제품,출시,콜라보,6월,호응,이디야,커피,산리오캐릭터즈,시즌,번째,산리오캐릭터즈,활용,음료,스낵,MD,기프트카드,콜라보,상품,콜라보,음료,초콜릿,쿠로미,데블,폼폼,라떼,골든,슈크림,2종,산리오캐릭터즈,컬러감,특징,초콜릿,쿠로미,데블,다크초콜릿,베리,휘핑크림,소스,퍼플,초코,스프링클,폼폼푸린,골든,슈크림,라떼,커스터드,카라멜향,조화,라떼,크림,코코아파우더,강조,에스프레소,추가,원두,콜라보,음료,초코,헬로키티,아이스콘,오븐,초콜릿,스낵,디자,콜라보,기간,헬로키티,패키지,계절감,굿즈,패브릭,달력,재질,달력,부착,인테리어,소품,활용,제작,시나모롤,머그,고급,질감,도자기,소재,제품,전면,시나모롤,캐릭터,윈터,블랭킷,촉감,담요,스냅,단추,실용적,활용,가능,산리오캐릭터즈,디자인,기프트카드,2종,충전형,기프트카드,매장,전국,이디야,커피,이디야멤버스,지속,사용,가능,이디야커피,콜라보,기념,산리오캐릭터즈,활용,굿즈,메뉴,교환,증정,오프라인,프로모션,진행,2일,매장,전국,이디야커피,구매,콜라보,음료,구매,음료,1장,캐릭터,부적,제공,산리오캐릭터즈,기프트카드,구매,고객,랜덤,핀버튼,증정,이디야멤버스,2일,8일,일주일간,참여,가능,룰렛,이벤트,패브릭,달력,시나모롤,머그,윈터,블랭킷,굿즈,할인쿠폰,콜라보,음료,랜덤,증정,15일,3주,콜라보,음료,경품,응모,고객,당첨,산리오캐릭터즈,굿즈,기회,제공,홈페이지,이디야커피,공식,2일,22일,2종,콜라보,음료,구매,적립,고객,100명,추첨,굿즈,세트,증정,2일,12일,매장,전국,이디야,커피,비치,산리오캐릭터즈,포토,프레임,인증샷,고객,추첨,굿즈,제공,이외,요즘,디지털,세대,특성,온라인굿즈,이디야커피,홈페이지,드로잉,이디야,전용,산리오캐릭터즈,휴대폰,워치,태블릿,배경,화면,무료,다운,이디야,커피,관계자,지난여름,진행,콜라보,고객들,호응,산리오캐릭터즈,번째,진행,매장,전국,이디야,커피,콜라보,제품,경품,당첨,행운","이디야커피가 오는 2일 글로벌 캐릭터 기업 산리오코리아의 ‘산리오캐릭터즈’와 협업한 다양한 신제품을 출시한다. 
 
 이번 콜라보는 지난 6월 뜨거운 호응을 얻었던 이디야커피X산리오캐릭터즈 시즌 1에 이은 두 번째 협업으로 산리오캐릭터즈를 활용한 음료와 스낵, MD, 기프트카드 등 다양한 콜라보 상품을 선보인다. 
 
 이번 콜라보를 통해 새롭게 선보이.."
"펄어비스, 검은사막X왕뚜껑 콜라보 '왕뚜껑은사막' 출시","검은사막,펄어비스,이마트24,왕뚜껑은사막","펄어비스,검은,사막,왕뚜껑,콜라보,왕뚜껑,사막,출시,동봉,사막,쿠폰,왕뚜껑,콜라보,제품,한정,판매,펄어비스,사막,자사,게임,팔도,상품,왕뚜껑,콜라보,왕뚜껑,사막,15일,왕뚜껑,사막,왕뚜껑,제품,사막,디자,패키징,적용,콜라보,상품,편의점,대형,마트,채널,온오프라인,유통,한정,수량,판매,오리지널,김치,짬뽕,왕뚜껑,사막,구매,사막,왕뚜껑,제휴,상자,쿠폰,제휴,상자,크론석,사막,이용자들,샴푸,속옷,녹용,제품,이색,콜라보,진행,5월,이마트24,콜라보,사막걸리,출시","[머니투데이 배한님 기자] 검은사막 쿠폰 동봉된 왕뚜껑 콜라보 제품 1000만개 한정 판매

 
펄어비스는 자사 게임 검은사막과 팔도의 컵라면 왕뚜껑 콜라보 상품인 '왕뚜껑은사막'을 선보인다고 15일 밝혔다. 

왕뚜껑은사막은 왕뚜껑 제품에 검은사막 디자인 패키징을 적용한 콜라보 상품이다. 편의점 대형마트 등 온오프라인 유통 채널에서 약 두 달간 100.."
"대림바스, 이나피스퀘어와 일러스트 더한 콜라보 제품 선보여",대림몰,"대림바스,이나피스퀘어,일러스트,콜라보,제품,일체형비데,분리형비,디자,출시,대림바스,이나피스퀘어,크리에이티브,스튜디오,위트,일러스트,콜라보,제품,5일,ONES,것들,슬로건,협업,대림바스,이나피스퀘어,특유,모노톤,드로잉,가미,감각적,욕실,오브,탄생,블랙,화이트,활용,대림바스,상징,캐릭터,작가,재치,표현,일러스트,제품,장식,고객,경험,선사,계획,콜라보,제품,대림바스,일체,형비데,DST-,911ART,분리형,비데,DDS-S,1500ART,2종,디자인,구성,6일,한정,수량,대림몰,무브먼트랩,리빙,스타일,큐레이션,편집샵,온라인몰,판매,29일,서울,용산구,위치,무브먼트랩,한남,대림바스,이나피스퀘어,콜라보,제품,구성,연출,운영,디스플레이,존도,예정,방문객,전시,공간,콜라보,제품,분리형비데,디자,디자인,증정,이벤트,포토존,인증,진행,김혜진,대림바스,마케팅,팀장,대림바스,심플,비데,디자인,이나피스퀘어,위트,모노톤,드로잉,매치,고객들,경험,선사,콜라보,진행,활동,기점,지속적,브랜드,콜라보,브랜드,진행,대림바스,트렌디,이미지,전달,예정","대림바스가 크리에이티브 스튜디오 이나피스퀘어와 손잡고 위트있는 일러스트가 더해진 콜라보 제품을 선보인다고 5일 밝혔다. 
 

 ‘ONLY THE ONES WE LIKE(우리가 좋아하는 것들만)’를 슬로건으로 하는 이번 협업을 통해 대림바스는 이나피스퀘어 특유의 모노톤 드로잉을 가미한 감각적인 욕실 오브제를 탄생시켰다. 블랙과 화이트 색을 활용해 대림바.."
"100주년 맞아 스타벅스와 만난 디즈니, 2차 콜라보 분위기는?","디즈니,오르골,현대백화점,디즈니컴퍼니코리아,스타벅스,스타벅스커피코리아","100주년,스타벅스,디즈니,분위기,콜라보,MD,기획상품,디즈니,화제,디즈니,주년,4월,판교,현대백화점,개점,디즈니,스토어,6개월,구름,인파,100주년,기념,디즈니,스타벅스커피코리아,스타벅스,협업,미키마우스,모양,티라,미수,케이크,미키마우스,딜라이트,콜드브루,인기,이벤트,결정,스타벅스,디즈니컴퍼니코리아,콜라보,음료,상품,출시,소비자,반응,상품,구성,다양화,증정,이벤트,주목도,콜라보,호응,토대,결정,협업,5일,제품,출시,상품,구성,다양화,한국,제품,매출,증가,예상,방문,이날,정오,수원시내,스타벅스,매장,오르골,진열,디즈니,MD,소비자들,오르골,스타벅스,디즈니,상품,협업,100주년,디즈니,디즈니,스토어,행보,콜라보,호평,스타벅스,번째,진행,스타벅스,상품,디즈니,콜라보,출시,디즈니,스타벅스,상품,협업,한국,판매,텀블러,머그잔,스타벅스,MD,차별화,상품,미키,미니마우스,피규어,오르골,미키마우스,모양,커트러리,세트,주방장갑,디즈니,캐릭터,활용,키링,텀블러,워터보틀,상품,포함,상품,구성,호응,가격,의견,일례,미키마우스,워터,보틀,판매,가격,3만,동일,용량,스타벅스,출시,워터보틀,서머,플라워,워터,보틀,1만,차이,매장,디즈니,캐릭터,MD,소비자,일반,MD,구성,뚜껑,캐릭터,피규어,보틀,미키,정도,가격,콜라보,디즈니,상품,디즈니,음료,포함,5만,구매,포스터,디즈니,패브릭,무료,증정,행사,대기줄,출시,당일,발생,콜라보,비교,관심도,수원시내,스타벅스,파트너,증정품,수령,소비자,설명,스타벅스,콜라보,상품,구성,다양화,만큼,매출,전망,스타벅스,관계자,제품,콜라보,한국,판매,제품,콜라보,제품,출시일,이날,온라인,스토어,고객,발생,정도,상품,판매량,집계,매출,20%,확인","""이번 MD(기획상품)는 잘 뽑은 것 같아요."" 
 
디즈니는 늘 화제를 모은다. 디즈니 100주년을 맞아 지난 4월 국내 처음으로 판교 현대백화점에 개점한 디즈니 스토어엔 6개월이 다 돼가는 지금까지 구름 인파가 몰린다. 
 
마찬가지로 100주년을 기념해 디즈니는 이번엔 스타벅스커피코리아(이하 스타벅스)와 협업했다. 미키마우스 모양의 티라미수 케이크.."
"부산국제영화제 CGV 씨네샵, 콜라보 굿즈 출시","일정부,씨네샵,CGV","부산국제영화제,CGV,씨네,출시,콜라보,굿즈,부산국제영화제,부산,국제,영화제,CGV,콜라보,굿즈,제공,CGV,부산,국제,영화제,씨네,영화,굿즈,스토어,CGV,콜라보,굿즈,출시,4일,콜라보,굿즈,부산,국제,영화제,개막,영화제,일정,준비물,파워,시네필,파워,세트,부산,국제,영화제,준비,구성,티켓,홀더,가방,인형,키링,러기지,스티커,상품,구성,굿즈,세트,영화,소장,욕구,충족,상품,티켓,홀더,가방,CGV,폐스크린,업사이클링,상품,눈길,사용,연한,폐자원,활용,가치,일상,생활,유용,사용,재탄생,콜라보,굿즈,온라인,한정,수량,판매,예정,부산,국제,영화제,13일,영화의전당,일대,열흘간,개최","부산국제영화제 X CGV 씨네샵 콜라보 굿즈. CGV 씨네샵 제공 
[파이낸셜뉴스] 제28회 부산국제영화제가 영화 굿즈 스토어 CGV 씨네샵과 콜라보 굿즈를 출시한다고 4일 밝혔다. 
 
이번 콜라보 굿즈는 부산국제영화제 개막을 앞두고 영화제를 찾기 위해 일정부터 준비물까지 꼼꼼하게 챙기는 ‘파워 J 시네필을 위한 부산국제영화제 준비 세트’로 구성됐다..."
두 기타리스트의 콜라보 무대,제주아트센터,"기타리스트,콜라보,무대,클래식,집시,기타리스트,콜라보,무대,제주아트센터,7시,기타즈,박규희,박주원,공연,개최,12일,클래식,기타리스트,박규희,정확,기교,표현력,연주자,각광,박주원,집시,기타리스트,핑거링,재즈,감수성,한국,열풍,집시,기타,뮤지션,티켓,13일,2시,제주아트센터,홈페이지,예매","클래식과 집시 기타리스트의 콜라보 무대가 펼쳐진다.
제주아트센터는 다음달 2일 오후 7시30분 '투 기타즈: 박규희×박주원' 공연을 개최한다고 12일 밝혔다.
클래식 기타리스트인 박규희는 정확한 기교와 섬세한 표현력을 갖춘 연주자로 각광받고 있다.
집시 기타리스트 박주원은 핑거링과 팝 재즈 록을 넘나드는 폭넓은 감수성으로한국에 집시 기타 열풍을 일으킨 .."
"컴퓨존, 네오위즈와 'P의 거짓 콜라보 PC' 출시","네오위즈,컴퓨존,유니크,전자신문,AMD,영광","컴퓨존,네오위즈,PC,거짓,콜라보,출시,컴퓨존,전자,제품,전문,쇼핑,플랫폼,대표이사,노인호,네오위즈,게임,개발사,공동,대표,김승철,배태근,최신작,거짓,콜라보,조립,PC,PC,거짓,콜라보,한정,수량,판매,18일,거짓,출시,글로벌,100만,누적,판매량,돌파,정도,인기,PC,콘솔,신작,게임,조립,PC,거짓,사례,IP,콜라보,PC,거짓,콜라보,컴퓨존,네오위즈,사간,마케팅,협업,바탕,제작,상품,조립,PC,게임,로고,캐릭터,이미지,부착,한정판,케이스,활용,팬심,자극,유니크,외형,거짓,프로세서,AMD,라이젠,라데온,그래픽,카드,최적화,우수,게이밍,퍼포먼스,발휘,AMD,라이젠,7800X3D,프로세서,파워컬러,레드데빌,Radeon,RX7800XT,레드,데빌,그래픽카드,검증,부품들,채택,고객들,최상,게이밍,환경,경험,구성,거짓,콜라보,PC,출시,구매자들,이벤트,진행,상품,콜라보,PC,구매,고객들,거짓,PC,디럭스,업그레이드,XBOX,게임,패드,사은품,지급,PC,구매,고객들,추첨,21명,한정판,굿즈,티셔츠,지급,예정,컴퓨존,관계자,거짓,유명,IP,제휴,상품,구성,영광,컴퓨존,브랜드,제휴,구성,조립,PC,지속적,구성,전자신문인터넷","전자제품 전문 쇼핑 플랫폼 컴퓨존(대표이사 노인호)이 게임 개발사 네오위즈(공동 대표 김승철, 배태근)의 최신작 'P의 거짓'과 콜라보한 조립 PC인 'P의 거짓 콜라보 PC'를 50대 한정 수량 판매한다고 18일 밝혔다.

P의 거짓은 지난 9월 글로벌 출시 후 한달 만에 누적 판매량 100만장을 돌파할 정도로 높은 인기를 누리고 있는 PC  콘솔 .."
"삼성전자, 삼성 강남서 디즈니 팬심 저격 `디즈니 콜라보 전시` 운영","디즈니10,디즈니,삼성닷컴,삼성전자,세리프,삼성","삼성전자,삼성,강남서,디즈니,팬심,저격,디즈니,콜라보,전시,운영,프레임,디즈니,주년,에디션,전시,한정판,제품,삼성전자,라이프,스타일,TV,프레임,Frame,에디션,디즈니,주년,공식,출시,2층,삼성,강남,전시,디즈니,콜라보,운영,1일,17일,운영,전시,디즈니,콜라보,프레임,디즈니,주년,에디션,디즈니,콜라보,모바일,액세서리,디즈니,주년,기념,에디션,삼성,디즈니100,온스크린,로고,적용,디즈니,로고,세련,플래,티넘,실버,메탈,베젤,탑재,디즈니,인기,캐릭터,미키,마우스,리모트,디즈니,주년,에디션,솔라셀,차별,포인트,가치,스토어,프레임,예술,작품,구독,서비스,아트,월트,디즈니,Walt,Disney,픽사,애니메이션,Pixar,Animation,마블,MARVEL,내셔널지오그래픽,National,Geographic,아트,컬렉션,이미지,스페셜,에디션,감상,전시,삼성,강남,디즈니,콜라보,디즈니,협업,갤럭시,카드,플립,수트,케이스,갤럭시,갤럭시,워치,시리즈,스트랩,콜라보,액세서리,제품,디즈니,자체,전시,공간,마련,삼성전자,삼성닷컴,갤럭시,캠퍼스,디즈니,콜라보,모바일,액세서리,구매,삼성,강남,제품,픽업,고객,대상,커피,쿠폰,증정,이벤트,진행,프레임,디즈니,주년,에디션,1일,삼성닷컴,판매,시작,1일,7시,삼성닷컴,라이브,커머스로,공식,출시,구매,혜택,준비,닷컴,프레임,디즈니,주년,에디션,구매,고객,디즈니,주년,피크닉,스테인리스,모바일,상품권,제공,세리프,기준가,할인,최대,추가,가격,구매,할인,쿠폰,증정,사전,신청,구매,고객,대상,디즈니,캐릭터,활용,디퓨저,추가,제공,삼성전자,관계자,프레임,디즈니,주년,에디션,출시,오픈,전시,삼성,강남,디즈니,콜라보,프레임,디즈니,주년,에디션,디자인,콘텐츠,콘텐츠,경험,기회,브랜드,협업,강화,예정,삼성닷컴,홈페이지,확인","삼성전자가 라이프스타일 TV '더 프레임(The Frame) 디즈니 100주년 에디션' 공식 출시를 맞아 삼성 강남 2층에서 '디즈니 콜라보 전시'를 운영한다고 1일 밝혔다.



17일까지 운영하는 '디즈니 콜라보 전시'에서는 '더 프레임 디즈니 100주년 에디션'과 다양한 디즈니 콜라보 모바일 액세서리를 함께 만나볼 수 있다.



디즈니 100주년.."
"락토핏, 망그러진 곰 콜라보 한정판 '올리브영' 단독 출시","올리브영,카카오,전자신문,성원,피크닉세트,에디션,맘키즈","락토핏,콜라보,한정판,올리브영,단독,출시,종근당건강,락토핏,MZ,세대,사이,인기,캐릭터,콜라보,제품,올리브영,단독,출시,출시,락토핏,한정판,에디션,가을철,나들,시즌,캐릭터,스페셜,패키지,미니,에코백,구성,제품,박스,내부,스틱,일러스트,전면,삽입,구매,순간,섭취,기분,경험,선사,제공,미니,에코백,남녀노소,실용성,제품,락토핏,골드,에디션,올리브영,재고,소진,판매,조기종료,예정,락토핏,카카오선물,콜라보,기획,세트,출시,나들,시즌,출시,피크닉세트,출시,당일,대비,일일,판매액,2000%,상승,세간,이목,집중,락토핏,관계자,진행,피크닉매트,콜라보,맘키즈,고객,MZ세대,반향,성원,보답,콜라보,기획,맘키즈,MZ세대,즐거움,대한민국,대표,유산균,브랜드,콜라보레이션,유산균,소비문화,락토핏,미래,전자신문인터넷","종근당건강의 '락토핏'이 MZ세대 사이에서 인기 있는 '망그러진곰' 캐릭터와의 콜라보 제품을 올리브영에 단독으로 출시한다.

이번에 출시되는 락토핏 X 망그러진곰 한정판 에디션은 가을철 나들이 시즌을 맞아 캐릭터가 들어간 스페셜 패키지와 미니 에코백으로 구성됐다.

특히 제품 박스부터 내부 스틱 포까지 망그러진곰 일러스트를 전면 삽입하여 구매하는 순간부.."
"대림바스, 일러스트 더한 콜라보 욕실",대림몰,"대림바스,일러스트,콜라보,욕실,대림바스,욕실,기업,이나피스퀘어,크리에이티브,스튜디오,위트,일러스트,콜라보,제품,Ones,것들,슬로건,협업,대림바스,이나피스퀘어,특유,모노톤,드로잉,가미,감각적,욕실,오브제,검정,흰색,활용,대림바스,상징,캐릭터,작가,재치,표현,일러스트,제품,장식,고객,경험,선사,계획,콜라보,제품,대림바스,일체,형비데,DST-,911ART,분리형,비데,DDS-S,1500ART,2종,디자인,구성,6일,한정,수량,대림몰,리빙,스타일,편집,무브먼트랩,온라인몰,판매,29일,서울,용산,위치,무브먼트랩,한남,대림바스,이나피스퀘어,콜라보,제품,구성,연출,운영,디스플레이,존도,예정,마케팅팀장,김혜진,대림바스,마케팅,팀장,대림바스,심플,비데,디자인,이나피스퀘어,위트,모노톤,드로잉,매치,고객,경험,선사,콜라보,진행,활동,기점,지속적,브랜드간,콜라보,진행,대림바스,트렌디,이미지,전달,예정","국내 욕실 1위 기업 대림바스가 크리에이티브 스튜디오 이나피스퀘어와 손잡고 위트있는 일러스트가 더해진 콜라보 제품을 선보인다.
‘Only the Ones We Like(우리가 좋아하는 것들만)’를 슬로건으로 하는 이번 협업을 통해 대림바스는 이나피스퀘어 특유의 모노톤 드로잉을 가미한 감각적인 욕실 오브제를 만들었다. 검정과 흰색을 활용해 대림바스 상징인.."
"한국엡손, 디즈니와 마블 캐릭터 콜라보한 라벨프린터 2종 출시","한국엡손,스파이디,디즈니,콜라보,엡손,디즈니코리아,마블","한국엡손,디즈니,콜라보,마블,캐릭터,출시,라벨,프린터,한국엡손,코리아,디즈니,컴퍼니,콜라보,라벨,프린터,10일,콜라보,마블,슈퍼,히어,캐릭터,활용,제작,콜라보,콘셉트,마블,어벤져스,캐릭터,디자인,제품,일상,어벤져스,캐릭터,디자인,활용,기획,LW-K,200DC,스파이디,친구들,캐릭터,디자인,LW-K,200DD,가지,모델,출시,엡손,디즈니코리아,프린세스,곰돌,캐릭터,적용,라벨프린터,출시,고객,호응,196종,테마,마블,캐릭터,스파이디,친구,캐릭터,구성,이모티콘,캐릭터,템플릿,탑재,무게,400g,콤팩트,사이즈,라벨,4~18,호환,한글,영어,일본어,한자,언어,지원","한국엡손은 디즈니 컴퍼니 코리아와 콜라보한 라벨프린터 2종을 선보인다고 10일 밝혔다. 콜라보는 마블의 슈퍼 히어로 캐릭터를 활용해 제작했다.

이번 콜라보의 콘셉트는 마블의 어벤져스 캐릭터로 디자인된 제품과 함께하는 풍부한 일상이다. 어벤져스의 주요 캐릭터를 디자인에 활용해 기획한 'LW-K200DC', '스파이디 그리고 놀라운 친구들' 캐릭터 디자인.."
락토핏 망그러진곰 콜라보 ‘스페셜 에디션’ 올리브영 한정 출시,"올리브영,카카오,성원,피크닉매트 콜라보,피크닉세트,에디션,칸타월드패널,맘키즈","락토핏,에디션,콜라보,스페셜,출시,올리브영,한정,종근당건강,락토핏,MZ,세대,사이,인기,캐릭터,콜라보,제품,올리브영,단독,출시,31일,업체,출시,락토핏,한정판,에디션,가을철,나들,시즌,캐릭터,스페셜,패키지,미니,에코백,구성,제품,박스,내부,스틱,일러스트,전면,삽입,구매,순간,섭취,기분,경험,선사,제공,미니,에코백,남녀노소,실용성,제품,락토핏,골드,에디션,31일,올리브영,재고,소진,판매,조기종료,예정,락토핏,카카오선물,콜라보,기획,세트,출시,나들,시즌,출시,피크닉세트,출시,당일,대비,일일,판매액,2,000%,상승,업계,인지도,선호도,고객,만족도,측면,1등,차지,칸타월드패널,그랜드슬램,달성,락토핏,컬래버,건강,식품,업계,바람,락토핏,진행,피크닉매트,콜라보,맘키즈,고객,MZ세대,반향,성원,보답,콜라보,기획,맘키즈,MZ세대,즐거움","종근당건강의 ‘락토핏’이 MZ세대 사이에서 인기 있는 ‘망그러진곰’ 캐릭터와의 콜라보 제품을 올리브영에 단독으로 출시한다고 31일 밝혔다.
업체에 따르면 이번에 출시되는 락토핏 망그러진곰 한정판 에디션은 가을철 나들이 시즌을 맞아 캐릭터가 들어간 스페셜 패키지와 미니 에코백으로 구성됐다.제품 박스부터 내부 스틱 포까지 망그러진곰 일러스트를 전면 삽입해 .."
"휠라 키즈 X 히로 콜라보 컬렉션 출시, 서울 성수동에 팝업스토어 공개","우트,유니크,롯데,현대,KID,무신사,FILA,휠라코리아,HIRO,신세계","휠라,키즈,출시,콜라보,컬렉션,서울,성수동,팝업,스토어,공개,휠라코리아,전개,키즈,브랜드,휠라,키즈,FILA,KIDS,히로,키즈,스트리트,패션,브랜드,HIRO,브랜드,헤리티지,스트리트,무드,접목,휠라,키즈,콜라보,컬렉션,30일,컬렉션,스포츠,유아동복,대표,브랜드,휠라,키즈,패션,키즈,스트리트,대표,주자,히로,만남,발매,관심,키즈,브랜드,MZ세대,성지,성수동,팝업스토어,눈길,발매,콜라보,컬렉션,기념,오픈,팝업스토어,오픈런,행렬,휠라,키즈,히로,스트리트,캐주얼,무드,재해석,이지웨어,전개,키즈,브랜드,시즌,트렌디,디자인,유니크,감성,제품,제안,팬덤,형성,컬렉션,휠라,대표,헤리티지,레이싱,Racing,모티브,브랜드,아이덴티티,가을,아이템,구성,레이싱,체커보드,포인트,활용,트렌디,스포티,무드,연출,패치,디자인,스타일리시,브랜드,FILA,HIRO,로고,조합,FIRO,로고,사용,콜라보,의미,간절기,필수품,아우터,맨투맨,스니커즈,슬립온,슬라이드,모자,양말,가지,아이템,준비,콜라보,기념,진행,팝업스토어,내달,성수,무신사,테라스,경기장,실제,레이싱,연상,설치물,스타트,라인,레이싱,트랙,콜라보,콘셉트,몰입도,휠라,키즈,콜라보,컬렉션,키즈,오프라인,매장,신세계,강남점,롯데,수원점,현대,충청점,공식,출시,시작,온라인스토어,키즈,공식,온라인,스토어,온오프라인,스토어,무신사,우트,휠라코리아,관계자,브랜드,휠라,레이싱,헤리티지,히로만,스트리트,감성,결합,키치,감성,제품,의미,생각,컬렉션,모티브,희소성,콜라보,제품,체험,팝업스토어,관심,감사,생각,가을,특별,키즈,패션,고민,분들,제안,바람","휠라코리아가 전개하는 키즈 브랜드 휠라 키즈(FILA KIDS)는 키즈 스트리트 패션 브랜드 ‘히로(HIRO)’와 손잡고 브랜드 헤리티지에 스트리트 무드를 접목한 ‘휠라 키즈 X 히로 콜라보 컬렉션’을 선보인다고 30일 밝혔다. 
 
 이번 컬렉션은 스포츠 유아동복 대표 브랜드인 휠라 키즈와 키즈 스트리트 패션의 대표 주자로 떠오르는 히로의 만남으로 발.."
"[영상] ""경찰과 시민의 환상적인 콜라보""...음주운전 차량 도주 막은 시민","유튜브,경찰청","경찰,시민,환상적,콜라보,음주운전,차량,도주,시민,경찰,시민들,합세,음주,운전자,추격,영상,화제,경찰,성남시,도로,신고,경찰,출동,출동,경찰,음주운전,가능성,판단,차량,우측,정차,차량,경찰,신호,속도,도주,도주,순간,상황,트럭,운전자,도주,경로,도주차량,이용,경로,도주,예상,파악,경찰관,도주차량,발견,신속,접근,동시,시민,운전,차량,도주차량,경로,경찰,경찰,시민,합세,현장,체포,운전자,혈중알코올농,0.179%,면허,취소,수준,만취상태,경찰,포기,열혈,경찰,시민,환상적,콜라보,범죄,예방,시민들,감사,인사,영상,출처,경찰청,유튜브,썸네일,경찰,시민,환상적,콜라보,음주운전,차량,도주,시민,김종연PD","경찰과 시민들이 합세해 음주 운전자를 끝까지 추격한 영상이 화제다. 
 
 5일 경찰에 따르면 지난 6월 24일 성남시에서 ""도로에 차가 서있다""는 신고를 받고 경찰이 출동했다. 
 
 출동한 경찰은 음주운전일 가능성이 높다고 판단해 차량을 우측으로 정차시켰다. 
 
 그런데 차량은 경찰의 신호에 따르는 듯 했으나 이내 빠른 속도로 도주했다. 도주하는 .."
"“삼각김밥 맞아?” 세븐일레븐, ‘오잉청양마요참치삼각김밥’ 출시","오잉청양마요참치삼각김밥,청양고,오잉청양마요,카카오플러스친구,푸드팀,세븐일레븐,한정 오잉청양마요","삼각김밥,세븐일레븐,오잉청양마요참치삼각김밥,출시,편의점,세븐일레븐,노가리,먹태,해산물,과자,해산물,선풍적,인기,오잉노가리칩,콜라보,오잉청양마요참치삼각김밥,14일,오잉청양마요참치삼각김밥,과자,상품,유사,패키징,디자,콜라보,요소,가미,오잉노가리칩,비법,가루,동일,첨가,사이,양파칩,후레이크,도포,스낵,식감,간장,야채,볶음밥,청양고추,참치마요,속재료,노가리,청양마요,세븐일레븐,출시,오잉청양마요,참치,삼각김밥,기념,카카오,플러스,친구,이벤트,쿠폰,선착순,한정,오잉청양마요,참치,삼각김밥,시식,발급,예정,추가,세븐일레븐,카카오,플러스,친구,추가,이벤트,카카오톡,메시지,확인,참여,세븐일레븐,MZ세대,상품,이색,콜라보,상품,2021년,와인병,소비자들,수집,욕구,MZ세대,중심,아트슈머,초점,와인,미술작품,앙리마티스와인,시리즈,지속적,앙리마티스와인,40만,누적,판매,달성,상품,세븐일레븐,시그니처,자리,김하영,세븐일레븐,푸드,MD,삼각김밥,브랜드,과자,콜라보,화제성,상품,콜라보,MZ,세대,소비자,입맛,SNS,인증,욕구","편의점 세븐일레븐이 노가리, 먹태 등 해산물 맛 과자의 선풍적인 인기에 힘입어 오잉노가리칩과 콜라보한 ‘오잉청양마요참치삼각김밥’을 선보인다고 14일 밝혔다. 
 
오잉청양마요참치삼각김밥은 기존 과자 상품과 유사한 패키징 디자인 외에도 맛에서 콜라보 요소를 가미했다. 오잉노가리칩에 들어가는 비법 가루를 동일하게 첨가하였으며 김과 밥 사이에 양파칩 후레이크.."
"LG트윈스, 브랜드 '빠더너스'와 콜라보 실시","유튜브,LG트윈스,KID","LG트윈스,브랜드,빠더너스,콜라보,프로,야구,LG,트윈스,브랜드,빠더너스,콜라보레이션,상품,출시,유튜브,컨텐츠,상호간,협업,진행,LG트윈스,빠더너스,구단,클래식,레트,로고,빠더너스,대표,캐릭터,문땡이,조합,BASEBALL,KIDS,컨셉,굿즈,예정,빠더너스,코메디언,문상훈,프론트맨,유튜브,빠더너스,채널,구독자,128만,시작,브랜드,시즌별,제품,콜라보,디자인,유니폼,져지,웜업자켓,덕아웃자켓,셔츠,클래식,볼캡,출시,LG트윈스,빠더너스,콜라보,상품,플랫폼,한정판,거래,크림,KREAM,온라인,발매,21일,23일,3일,구매,구매,상품,순차적,배송,예정,굿즈,SNS,채널,디지털,협업,진행,빠더너스,채널,문상기자,일타강사,문쌤,인기,컨텐츠,LG트윈스,협업,각색,팬들,재미,예정,LG트윈스,빠더너스,콜라보,홈페이지,LG,트윈스,공식,SNS,확인","프로야구 LG트윈스는 브랜드 ‘빠더너스’와 콜라보레이션을 통해 상품을 출시하고, 유튜브 컨텐츠에 대한 상호간의 협업을 진행한다. 
 
 LG트윈스와 ‘빠더너스’는 구단의 클래식, 레트로 로고와 ‘빠더너스’의 대표 캐릭터인 ‘문땡이’를 조합하여 ‘BASEBALL KIDS’를 컨셉으로 다양한 굿즈를 선보일 예정이다. 
 
 ‘빠더너스’는 코메디언 겸 배우 .."
"콘래드 서울, 모스키노와 손잡고 애프터눈티 세트 선봬","서울,삼성,모스키노","콘래드,서울,모스키노,선봬,애프터눈티,세트,콘래드,서울,가을,모스키노,애프터눈티,세트,5일,호텔,콘래드,서울,시그니처,베어,콘래드,미니,모티브,제작,타임,애프터눈,세트,애프터눈,제공,곰돌이,기물,인사,모습,여성,사이,인기,인기,바탕,모스키노,대표,아이콘,테디베어,형상화,향수,토이,시리즈,콜라보,진행,모스키노,세트,콜라보레이션,애프터눈티,훈제,연어,햄치즈샌드위치,옥수수,타르트,세이보리,초콜릿,시나몬,오렌지,무스,자스민,만다린,7가지,디저트,포함,그중,모스키노,상징,초콜릿,테디베어,얼굴,무스,콜라보,제작,모스키노,콜라보,애프터눈티,세트,이용,고객,시리즈,모스키노,토이,토이,토이,2,,보이,토이,버블검,포함,향수,미니어처,제공,시향,공간,37그,마련,예정,미니어처,향수,모스키노,토이,시리즈,향수,플로럴,여성,우디,도시,삼성,상징,종류,구성,콘래드,관계자,콘래드,미니베어,인기,이탈리아,명품,브랜드인,모스키노,콜라보,키치,디자인,유행,테디베어,콜라보,관심,설명","콘래드 서울이 가을을 맞이해 모스키노와 함께 애프터눈티 세트를 선보인다고 5일 밝혔다. 
 
호텔 37층에 있는 '37 그릴 앤 바'에서는 콘래드 서울의 시그니처인 콘래드 미니 베어를 모티브해 제작된 틀에 향긋한 티 타임을 가질 수 있도록 애프터눈 티 세트를 제공한다. 귀여운 곰돌이 기물은 마치 인사를 나누는 듯한 모습으로 여성 손님들 사이에서 큰 인기.."
"30주년 맞은 송지오, 스포츠 브랜드 리복과 협업 컬렉션 선봬","K패션,SONGZIO,리복","30주년,송지오,리복,스포츠,브랜드,선봬,협업,컬렉션,SONGZIO,송지오,송지오,리복,송지오,출시,콜라보,컬렉션,사진,송지오,K패션,브랜드,글로벌,스포츠,K패션,거장,송지오,SONGZIO,글로벌,스포츠,브랜드,리복,REEBOK,협업,컬렉션,출시,4일,콜라보,컬렉션,파리패션위크,클럽,레거시,컬렉션,슈즈,협업,상품,송지오,론칭,주년,리복,브랜드,정체,대표,벡터,로고,탄생,주년,콜라보,컬렉션,송지오,아방가르드,감성,리복,역동적,무드,1종,트랙,셋업,볼캡,구성,송지오,시그니처,코쿤,아노락,조거,트랙,팬츠,구성,터치감,2개,화섬,원단,사용,특유,볼륨감,실루엣,형성,팬츠,탈부착,가능,디테일,하프,팬츠,투웨이,착용,가능,전면,후면,송지오,옴므,리복,콜라보,자수,화섬,볼캡,전면,자수,로고,후면,REEBOK,자수,송지오,옴므,로고,금속,심볼,송지오,관계자,파리패션위크,성공적,클럽,레거시,컬렉션,슈즈,본격적,리복,콜라보,작업,동시,송지오,전위적,30주년,기념,의미,협업,협업,아트,패션,추구,스튜디오,만큼,해외,해외,아티스트,송지오,하우스,아방가르드,철학,색깔,협업,지속적,예정","SONGZIO(송지오), ‘송지오 X 리복’ 콜라보 컬렉션 출시. [사진=송지오] K패션과 글로벌 스포츠 브랜드가 만났다. 
 
K패션의 거장 '송지오(SONGZIO)'가 글로벌 스포츠 브랜드 '리복(REEBOK)'과 협업한 컬렉션을 출시했다고 4일 밝혔다. 
  
이번 콜라보 컬렉션은 지난 6월 파리패션위크에서 선보인 '클럽C 레거시 컬렉션 슈즈'에 .."
"10월 풍성한 이벤트 준비 더벤티, 미니게임천국 콜라보 프리퀀시 등 진행","티프레시,APP,컴투스","10월,더벤티,이벤트,준비,프리퀀시,미니,게임,천국,콜라보,진행,19일,3주,미니게임천국,캐주얼,게임,미니,게임,천국,콜라보,프리퀀시,20일,하루,더벤티데이,멤버십,프로모션,더벤티,커피,프랜차이즈,19일,프리퀀시,미니,게임,천국,콜라보,더벤티데이,혜택,프로모션,멤버십,진행,더벤티,19일,3주,회원,더벤티,멤버십,대상,컴투스,캐주얼,게임,미니,게임,천국,콜라보,프리퀀시,진행,프리퀀시,행사,더벤티,체리소,겨울,홀리데이,그린윈터,티프레시,리치시나몬,딥라떼,2잔,2잔,자유,음료,4잔,음료,구매,스탬프,구매,적립,프리퀀시,완성,미니,게임,천국,인게임,아이템,더벤티,코스튬,더벤티,스킨,더벤티,프리퀀시,완성자,대상,추첨,굿즈,미니,게임,천국,스페셜,집토끼,인형,1종,미니,게임,천국,콜드컵,25명,50명,제공,예정,더벤티,20일,하루,멤버십,회원,대상,특별,할인,혜택,제공,더벤티데이,진행,더벤티데이,쿠폰팩,픽업,주문,메뉴,할인,쿠폰,토마토,모양,크림치즈,풍미,매력적,토마토빵,1천,할인,쿠폰,1천,겨울,시즌,음료,할인,쿠폰,구성,멤버십,프로모션,가입자,당일,신규,포함,회원,대상,더벤티데이,쿠폰팩,화면,더벤티,브랜드,APP,메인,쿠폰,다운로드,홈페이지,더벤티,브랜드,확인,가능","커피 프랜차이즈 더벤티가 19일부터 미니게임천국 콜라보 프리퀀시 및 더벤티데이로 풍성한 혜택의 10월 멤버십 프로모션을 진행한다. 
 
 더벤티는 19일부터 오는 11월 8일까지, 3주간 더벤티 멤버십 회원을 대상으로 컴투스 캐주얼 게임 미니게임천국 콜라보 프리퀀시를 진행한다. 
 
 프리퀀시 행사는 더벤티의 겨울 신메뉴 3종 홀리데이 체리소다, 그린윈.."
공연 전시 함께 즐기는 청년주도형 예술축제 2023 남구청년예술제 '해야청청',"계명대,경일대,중앙대,대덕문화전당,남구 청년예술제,남구청년예술제,해야청청,대학","공연,전시,청년,주도,예술,축제,남구청년,예술제,해야청청,전야제,14~16일,대덕문화전당,대덕문화전당,청년예술제,남구,청년,예술제,해야청청,전야제,시작,16일,대덕문화전당,개최,남구,청년,예술제,예술인,콜라보,청년,예술인,예술,활동,지원,2021년,시작,목적,그동안,대중음악,무용,국악,서양음악,낭독극,음악연주,콜라보,남구청년예술제,슬로건,해야청청,제목,개최,대학,전국,경일대,계명대,중앙대,청년,작가,그룹전,공연,전시,공연,6팀,국악,현대무용,기악,콜라보,권윤형x,민속악회,바디,스트릿,댄스,넌버벌,퍼포먼스,스낵댄스,뮤지컬,배우,락밴드,밴드극,그라비티,소리,가곡,콜라보,음악,집단,소옥,퓨전밴드,댄서,조합,엠오케스트락,일렉트릭밴드,소리꾼,일렉트릭밴드,만남,이기욱,일렉트릭,밴드,소리,김수경,메인,공연,종료,야외,공연장,파티,부대,행사,네트워킹,수상팀,밴드,영남,소리,집단,오방색,김형동,프로젝트,3팀,축하,공연,예정,관람,무료","대덕문화전당이 2023 남구 청년예술제, '함께 푸르다. 해야청청'을 13일 전야제를 시작으로 16일까지 대덕문화전당에서 개최한다. 
 
 '남구 청년예술제'는 예술인(팀)간의 콜라보를 통해 청년 예술인의 예술 활동을 적극적으로 지원하기 위해 지난 2021년 처음 시작했다. 목적에 걸맞게 그동안 대중음악, 무용, 국악, 서양음악, 낭독극, 음악연주 등 .."
"삼성전자, '더 프레임 디즈니 100주년 에디션' 출시 맞아 삼성 강남에서 '디즈니 콜라보 전시' 오픈","디즈니,삼성닷컴,삼성전자,세리프,삼성","삼성전자,프레임,디즈니,주년,에디션,출시,삼성,강남,전시,디즈니,콜라보,오픈,삼성전자,라이프,스타일,TV,프레임,Frame,에디션,디즈니,주년,공식,출시,2층,삼성,강남,전시,디즈니,콜라보,운영,17일,운영,전시,디즈니,콜라보,프레임,디즈니,주년,에디션,디즈니,콜라보,모바일,액세서리,디즈니,주년,기념,에디션,삼성,디즈니100,온스크린,로고,적용,디즈니,로고,세련,플래,티넘,실버,메탈,베젤,탑재,디즈니,인기,캐릭터,미키,마우스,리모트,디즈니,주년,에디션,솔라셀,차별,포인트,가치,스토어,프레임,예술,작품,구독,서비스,아트,월트,디즈니,Walt,Disney,픽사,애니메이션,Pixar,Animation,마블,MARVEL,내셔널지오그래픽,National,Geographic,아트,컬렉션,이미지,스페셜,에디션,감상,전시,삼성,강남,디즈니,콜라보,디즈니,협업,갤럭시,카드,플립,수트,케이스,갤럭시,갤럭시,워치,시리즈,스트랩,콜라보,액세서리,제품,디즈니,자체,전시,공간,마련,삼성전자,삼성닷컴,갤럭시,캠퍼스,디즈니,콜라보,모바일,액세서리,구매,삼성,강남,제품,픽업,고객,대상,커피,쿠폰,증정,이벤트,진행,프레임,디즈니,주년,에디션,1일,삼성닷컴,판매,시작,1일,7시,삼성닷컴,라이브,커머스로,공식,출시,구매,혜택,준비,닷컴,프레임,디즈니,주년,에디션,구매,고객,디즈니,주년,피크닉,스테인리스,모바일,상품권,제공,세리프,기준가,할인,최대,추가,가격,구매,할인,쿠폰,증정,사전,신청,구매,고객,대상,디즈니,캐릭터,활용,디퓨저,추가,제공,삼성전자,관계자,프레임,디즈니,주년,에디션,출시,오픈,전시,삼성,강남,디즈니,콜라보,프레임,디즈니,주년,에디션,디자인,콘텐츠,콘텐츠,경험,기회,브랜드,협업,강화,예정,삼성닷컴,홈페이지,확인","삼성전자가 9월 1일 라이프스타일 TV '더 프레임(The Frame) 디즈니 100주년 에디션' 공식 출시를 맞아 삼성 강남 2층에서 '디즈니 콜라보 전시'를 운영한다. 
 
 17일까지 운영하는 '디즈니 콜라보 전시'에서는 '더 프레임 디즈니 100주년 에디션'과 다양한 디즈니 콜라보 모바일 액세서리를 함께 만나볼 수 있다. 
 
 디즈니 100주년.."
"라이프스타일 브랜드 쿼시, 카멜커피와 콜라보 제품 선보여","라이프스,카멜커피","쿼시,라이프,스타일,브랜드,카멜커피,콜라보,제품,개인&amp,공간,위생,브랜드,쿼시,커피,브랜드,카멜,커피,콜라보,제품,출시,출시,콜라보,제품,롤티슈,쿼시,세정,카멜커피,시그니처,컬러,감각적,일러스트,롤티슈,쿼시,카멜커피,세정,디자인,취향,선택,주방,거실,인테리어,방해,사용,특장점,쿼시,관계자,카멜커피,출시,콜라보,제품,특별,재미,브랜드,가치,제품,한정판매,홈페이지,쿼시,공식,구매,가능,세트구성,카멜,커피,매장,확인","개인&공간 위생을 위한 브랜드 쿼시가 국내 커피 브랜드 카멜커피와의 콜라보 제품을 출시한다. 오는 29일 출시를 앞두고 있는 콜라보 제품은 쿼시 세정 롤티슈에 카멜커피의 시그니처 컬러와 감각적인 일러스트를 더했다. 또한 “쿼시X카멜커피 세정 롤티슈”는 총 2가지 디자인으로 취향에 맞게 선택할 수 있으며, 주방, 거실 등 어디에 두어도 인테리어에 .."
'콜라보 맛집' SPC 배스킨라빈스 파트너사와 동반성장,"배스킨라빈스,SPC,파트너사,MZ","콜라보,맛집,파트너사,SPC,배스킨라빈스,동반성장,식품,업계,경험,추구,자신,감성,MZ세대,이색,브랜드,경계,컬래버레이션,진행,배스킨라빈스,식음료,캐릭터,IP,디지털,플랫폼,분야,협업,대표적,콜라보,맛집,유명,MZ,세대,사이,브랜드,팬덤,공략,확대,소비자,접점,강화,브랜드,경쟁력,콜라보,맛집,닉값,배스킨라빈스,브랜드,협업,축적,노하우,콘텐츠,마케팅,전략,영업망,자사,활용,브랜드,성장,상생,협력,모델,구축,업계,평가,배스킨라빈스,인기,브랜드,협업,사이,세대,소비자,트렌디,브랜드,이미지,강화,핫플레이스,판매,디저트,배스킨라빈스,노하우,접목,신제품,한편,전국,매장,배스킨라빈스,차별화,브랜드,경험,선사,파트너사,배스킨라빈스,전국적,유통망,지역,소비자들,단독,진행,각종,프로모션,광고,영상,콘텐츠,활용,대중,기회,제공,배스킨라빈스,사례,상생,협력,프리미엄,디저트,카페,노티드,Knotted,전문점,스페셜티,커피,전문점","최근 식품 업계는 새로운 경험을 추구하고 자신만의 감성을 나타내길 원하는 MZ세대를 사로잡기 위해 이색 브랜드와 경계를 뛰어넘는 컬래버레이션을 진행하고 있다. 


 


배스킨라빈스는 식음료, 캐릭터 IP, 디지털 플랫폼 등 다양한 분야와 협업하는 대표적인 '콜라보 맛집'으로 유명하다. 올해는 MZ세대 사이에서 힙하게 떠오르는 국내 브랜드와 손잡고 다.."
"베베숲 아기세제, 침구 브랜드 ‘누비지오’와 콜라보 진행","X누비지오 콜라보 이벤트,EWG,누비지오","베베숲,아기,세제,누비지오,침구,브랜드,콜라보,진행,물티슈,베베숲,연속,물티슈,판매,베베,누비지오,침구,브랜드,25일,29일,이벤트,특별,콜라보,진행,콜라,품절,대란,베베숲,패브릭,케어세트,누비지오,미피,알러지,케어,침구세트,이벤트,한정,수량,50%,할인,진행,누비지오,홈페이지,구매,가능,가을,환절기,침구,교체,수요,증가,시즌,주목,육아,필수템,콜라보,이벤트,창립,주년,누비지오,기획,단계,생산,자체,생산,철저,공정,시즌,특별,제품,알러지,케어,소재,피부,아이들,걱정,사용,콜라보,캐릭터,베스트,상품,세트,미피,알러지,케어,침구,준비,할인,이벤트,베베숲,인스타그램,이벤트,베베숲,누비지오,콜라보,추가,진행,누비지오,주년,기획세트,판매,소식,베베숲,누비지오,콜라보,이벤트,축하,댓글,추첨,미피,알러지,차렵이불,베베숲,세탁세제,베베숲,세탁,세제,유연제,3명,베베숲,베베숲,주방,세제,10명,경품,증정,베베숲,베베숲,아기,세탁,세제,잔여물,걱정,세탁,제품,향료,제외,성분,EWG,EWG,GREEN,등급,안심,성분,사용,성분,생활,오염원,세척,탈취력,테스트,햇볕,건조,실내,세제,자리매김,베이비페어,베이비페어,반응,대란,연일,품절,베베숲,관계자,누비지오,기회,고객들,이벤트,이벤트,분들,베베숲,누비지오,경품,특별,혜택,준비,부탁,정진","7년 연속 물티슈 국내 판매 1위 베베숲이 침구 브랜드 ‘누비지오’와 함께 25일부터 29일까지 특별 콜라보 이벤트를 진행한다고 밝혔다. 
 
이번 콜라보는 품절 대란을 일으켰던 베베숲 홈의 ‘패브릭 케어세트’와 누비지오의 ‘미피 알러지 케어 침구세트’가 만나 한정 수량 50% 할인 이벤트를 진행하며 누비지오 홈페이지에서 구매 가능하다. 가을 환절기에 .."
‘미켈레 끼아를로’ 와인 판매,롯데백화점,"미켈레,끼아,와인,판매,롯데백화점,한국,대표,작가,박선기,와이너리,이탈리아,대표,아트콜라보,미켈레,끼아,와인,단독,판매",롯데백화점이 한국 대표 작가 ‘박선기’와 이탈리아 대표 와이너리가 아트콜라보한 ‘미켈레 끼아를로’ 와인을 단독으로 판매한다.<롯데백화점 제공>
"컴포즈커피, 스테이씨(STAYC)와 콜라보 음료 '틴프레시 에이드' 출시",컴포즈커피,"컴포즈커피,스테이씨,STAYC,콜라보,음료,틴프레시,에이드,출시,컴포즈커피,그룹,스테,STAYC,TEENFRESH,여름,시즌,음료,스테이,틴프레시,에이드,컴포즈커피,스테이씨,TEENFRESH,번째,미니,앨범,틴프레시,발매,기념,팬들,콜라보,음료,프로모션,준비,컴백,앨범,콘셉트,신메뉴,기획,의미,에이드,콜라보,음료,스테이,틴프레시,이름,스테이씨,틴프레시,매력,극대화,에이드,오렌지맛,탄산,화이트펄,비주얼,여름철,활력,선사,컴포즈커피,스테이씨,협업,기념,고객,구매,대상,특별,이벤트,진행,에이드,스테이,틴프레시,구매,1장,스테이,포토,카드,랜덤,증정,포토카드,스테이씨,단체,이미지,개인,이미지,포함,14종,구성,컴포즈,커피,관계자,컴포즈커피,사랑,고객,팬들,경험,선사,스테이씨,콜라보,음료,스테이씨,틴프레시,매력,신메뉴,환상적,조합,여름철,더위","컴포즈커피가 그룹 스테이씨(STAYC)와 손잡고 9월 15일까지 여름 시즌 음료 ‘스테이씨 TEENFRESH(틴프레시) 에이드’를 새롭게 선보인다. 
 
 컴포즈커피는 스테이씨의 세 번째 미니앨범 ‘TEENFRESH(틴프레시)’ 발매를 기념해 팬들을 설레게 할 콜라보 음료와 프로모션을 준비했다. 특히 이번 컴백 앨범을 콘셉트로 한 신메뉴를 기획해 그 의.."
"우리카드, ‘망그러진곰’ 한정판 디자인 출시","우리카드,우리금융지주,우리원카드","우리카드,한정판,디자,출시,우리금융지주,자회사,우리카드,사장,박완식,인기,캐릭터,콜라보,한정판,디자인,출시,4일,콜라보,지난달,출시,에브리1,카드,의정석,에브리,디자,2종,추가,내년,1년,발급,가능,한정판,디자인,카드,플레이트,상품안내장,배송,세트,에디션,디자인,우리카드,고객,선호도,조사,투표,결정,3만,참여,행운망곰,대왕망곰,최종,선정,콜라보,디자,출시,기념,이벤트,진행,카드,발급,선착순,고객,카드,수령,2매,한정판,스티커,내달,인스타그램,우리카드,공식,팔로우,캐릭터,인스타그램,게시,고객,10명,추첨,쿠션,스페셜,굿즈,증정,우리카드,관계자,MZ세대,인기,캐릭터,콜라보,카드,출시,고객,확대,혜택,디자인,충족,카드,출시,예정,관심,부탁,상품,이벤트,우리카드,홈페이지,원카드,확인,가능","우리금융지주 자회사인 우리카드(사장 박완식)는 인기 캐릭터 ‘망그러진곰’과 콜라보한 한정판 디자인을 출시했다고 4일 밝혔다. 
 
 
 
 이번 콜라보로 지난달 출시한 신상품 ‘카드의정석 에브리1’에 망그러진곰 디자인 2종이 추가됐다. 
 
 
 
 내년 8월 말까지 1년간 발급 가능한 한정판 디자인으로 카드 플레이트뿐만 아니라 상품안내장, 배송 세트까.."
삼성전자 '더 프레임 디즈니 100주년 에디션' 출시 기념 '디즈니 콜라보 전시' 오픈,"디즈니,한경닷컴,삼성닷컴,삼성전자,삼성","삼성전자,프레임,디즈니,주년,에디션,전시,출시,기념,디즈니,콜라보,오픈,삼성전자,라이프,스타일,TV,프레임,디즈니,주년,에디션,공식,출시,2층,삼성,강남,전시,디즈니,콜라보,운영,1일,17일,운영,전시,디즈니,콜라보,프레임,디즈니,주년,에디션,디즈니,콜라보,모바일,액세서리,디즈니,주년,기념,에디션,삼성,디즈니100,삼성,디즈니,온스크린,로고,적용,디즈니,로고,세련,플래,티넘,실버,메탈,베젤,탑재,디즈니,인기,캐릭터,미키,마우스,리모트,디즈니,주년,에디션,솔라셀,제공,스토어,프레임,예술,작품,구독,서비스,아트,월트,디즈니,픽사,애니메이션,마블,내셔널지오그래픽,100점,아트,컬렉션,스페셜,에디션,감상,전시,삼성,강남,디즈니,콜라보,디즈니,협업,갤럭시,카드,플립,수트,케이스,갤럭시,갤럭시,워치,시리즈,스트랩,콜라보,액세서리,제품,디즈니,자체,전시,공간,마련,삼성닷컴,갤럭시,캠퍼스,디즈니,콜라보,모바일,액세서리,구매,삼성,강남,제품,픽업,고객,대상,커피,쿠폰,증정,이벤트,진행,프레임,디즈니,주년,에디션,1일,삼성닷컴,판매,시작,1일,7시,삼성닷컴,라이브,커머스로,삼성전자,프레임,디즈니,주년,에디션,공식,출시,구매,혜택,준비,삼성닷컴,프레임,디즈니,주년,에디션,구매,고객,디즈니,주년,피크닉,스테인리스,요기,3만,모바일,상품권,원권,제공,세리프,기준가,할인,최대,추가,가격,구매,할인,쿠폰,증정,사전,신청,구매,고객,대상,디즈니,캐릭터,활용,디퓨저,추가,제공,삼성전자,관계자,프레임,디즈니,주년,에디션,출시,오픈,전시,삼성,강남,디즈니,콜라보,프레임,디즈니,주년,에디션,디자인,콘텐츠,콘텐츠,경험,기회,브랜드,협업,강화,예정,삼성닷컴,확인,한경닷컴","삼성전자가 라이프스타일 TV ‘더 프레임 디즈니 100주년 에디션’ 공식 출시를 맞아 삼성 강남 2층에서 ‘디즈니 콜라보 전시’를 운영한다고 1일 밝혔다. 
 
17일까지 운영하는 ‘디즈니 콜라보 전시’에서는 ‘더 프레임 디즈니 100주년 에디션’과 다양한 디즈니 콜라보 모바일 액세서리를 함께 만나볼 수 있다. 
 
디즈니 100주년을 기념해 선보인 이.."
"""망그러진곰 덕후 모이세요"" 우리카드, '망그러진곰' 콜라보 한정판 디자인 출시","우리카드,대왕","덕후,우리카드,디자,콜라보,한정판,출시,4월,3만,참여,선호도,조사,행운망곰,대왕,망곰,디자,선정,출시,기념,이벤트,진행,2매,한정판,스티커,스페셜,굿즈,증정,우리카드,제공,우리카드,인기,캐릭터,콜라보,한정판,디자인,출시,4일,콜라보,지난달,출시,에브리원,카드,의정석,디자,2종,추가,내년,1년,발급,가능,한정판,디자인,카드,플레이트,상품안내장,배송,세트,에디션,카드,혜택,카드의정석,동일,디자인,우리카드,고객,선호도,조사,투표,결정,4월,인스타그램,계정,컨셉,디자,선호도,조사,진행,대왕망곰,결과,행운망곰,대왕망,2만,2만,투표,최종,선정,우리카드,콜라보,디자,출시,기념,이벤트,진행,카드,발급,선착순,고객,카드,수령,2매,한정판,스티커,10월,인스타그램,우리카드,공식,팔로우,캐릭터,인스타그램,게시,고객,10명,추첨,쿠션,스페셜,굿즈,증정,우리카드,관계자,MZ세대,인기,캐릭터,콜라보,카드,출시,고객,확대,혜택,디자인,충족,카드,출시,예정,관심,부탁","지난 4월부터 3만명 참여한 선호도 조사 통해 행운망곰, 대왕망곰 디자인 2종 선정 출시 기념 이벤트 진행...망그러진곰 한정판 스티커 2매, 스페셜 굿즈 등 증정 
 
 우리카드 제공 
[파이낸셜뉴스] 우리카드가 인기 캐릭터 ‘망그러진곰’과 콜라보한 한정판 디자인을 출시했다고 4일 밝혔다. 
 
이번 콜라보로 지난달 출시한 신상품 ‘카드의정석 에브리원.."
"""KCC와 마시마로 콜라보 팝업스토어 김포 상륙""","KCC페인트,수성,롯데백화점,SNS이벤트,현대백화점,KCC","KCC,마시마,콜라보,팝업,스토어,김포,상륙,KCC,마시마,콜라보,번째,롯데백화점,김포공항점,방문,고객들,매장,KCC,제공,KCC,KCC,페인트,캐릭터,마시마로,팝업스토어,번째,콜라보,팝업,스토어,롯데백화점,김포공항점,31일,KCC,콜라보,판교점,현대백화점,천호점,운영,관심,보답,기획,GF층,롯데백화점,김포공항점,GF,마련,팝업스토어,마시마로,컨셉,크기,인형,한정판,에코백,캐릭터,상품,굿즈,입구,위치,마시마,짜리,페인트통,조형물,녹색,페인트,구성,KCC,페인트,동시,친환경성,표현,팝업스토어,KCC,페인트,마시마로,협업,완성,아트워크,인쇄,한정판,에코백,구매,수성,페인트,셀프,페인트통,꽃씨,굿즈,패키지,무료,제공,페인트통,동봉,꽃씨,구성,체험,패키,KCC,마시마,콜라보,팝업,스토어,기념,SNS이벤트,진행,인스타그램,팔로우,마시마,인증샷,팝업,스토어,방문,인증,해시태그,스토리,피드,업로드,20명,추첨,1만,현대백화점,상품권,원권,증정,책임,성지현,KCC,브랜드,커뮤니케이션,KCC페인트,마시마로,협업,KCC,페인트,이미지,오프라인,소비자,소통,마케팅,집중,예정","KCC와 마시마로 콜라보 세 번째 팝업스토어(롯데백화점 김포공항점)를 방문한 고객들이 매장을 둘러보고 있다. KCC 제공 
[파이낸셜뉴스] KCC가 KCC 페인트와 캐릭터 마시마로의 세 번째 콜라보 팝업스토어를 롯데백화점 김포공항점에서 오는 31일까지 선보인다. 
 
22일 KCC에 따르면 이번 콜라보는 지난 7월 현대백화점 판교점과 천호점을 운영하며 .."
"이스트시큐리티, 패션 브랜드 '발란사'와 이색 콜라보 상품 출시","발란사,이스트시큐리티,알약X발란사","이스트시큐리티,발란사,패션,브랜드,이색,콜라보,상품,출시,이스트시큐리티,발란사,스트리트,패션,브랜드,편집숍,Balansa,콜라보레이션,상품,출시,발란사,부산지역,연고,빈티지,아이템,음악,상품,음악,판매,서브컬쳐,편집숍,출시,컬렉션,알약,발란사,콜라보레이션,가지,제품,구성,로고,티셔츠,나일론,양말,키링,짐색,휴대폰,케이스,제품,브랜드,시그니처,로고,알약,캐릭터,발란사,특유,스트리트,감성,재해석,알약,손승완,이스트,시큐리티,실장,대표적,보안,서비스,알약,캐릭터,활용,알약,3.0,트렌디,이미지,전달,이색,콜라보,관심,MZ,세대,고객,확대,발란사,경계,콜라보,상품,출시,설명","이스트시큐리티가 스트리트 패션 브랜드 편집숍 '발란사(Balansa)'와 콜라보레이션 상품을 출시한다.

발란사는 부산지역을 연고로 다양한 빈티지 아이템과 음악 관련 상품을 판매하는 서브컬쳐 편집숍이다.

출시하는 알약X발란사 콜라보레이션 컬렉션은 총 10가지 제품으로 구성됐다. 로고 티셔츠, 나일론 캡, 양말, 키링, 짐색, 휴대폰 케이스와 같은 다양.."
"우리카드, ‘망그러진곰’ 그려진 카드의정석 출시","우리카드,우리금융지주","우리카드,카드,의정석,출시,우리금융지주,자회사,우리카드,인기,캐릭터,콜라보,한정판,디자인,출시,4일,콜라보,지난달,출시,카드,의정석,디자,2종,추가,내년,1년,발급,가능,한정판,디자인,카드,플레이트,상품안내장,배송,세트,에디션,카드,혜택,카드의정석,동일,디자인,우리카드,고객,선호도,조사,투표,엄선,콜라보,디자,출시,기념,이벤트,진행,카드,발급,선착순,고객,카드,수령,2매,한정판,스티커,내달,인스타그램,우리카드,공식,팔로우,캐릭터,인스타그램,게시,고객,10명,추첨,쿠션,스페셜,굿즈,증정,우리카드,관계자,MZ세대,인기,캐릭터,콜라보,카드,출시,고객,확대,혜택,디자인,충족,카드,출시,예정,관심,부탁,연회비,1만,상품,이벤트,우리카드,홈페이지,WON카드,확인,가능","[헤럴드경제=홍승희 기자] 우리금융지주 자회사인 우리카드가 인기 캐릭터 ‘망그러진곰’과 콜라보한 한정판 디자인을 출시했다고 4일 밝혔다. 
 
 이번 콜라보로 지난달 출시한 신상품 ‘카드의정석 EVERY 1’에 ‘망그러진곰’ 디자인 2종이 추가됐다. 내년 8월 말까지 1년간 발급 가능한 한정판 디자인이며 카드 플레이트뿐만 아니라 상품안내장, 배송 세트까.."
"컴포즈커피, 스테이씨(STAYC)와 콜라보 음료 출시",컴포즈커피,"컴포즈커피,스테이씨,STAYC,출시,콜라보,음료,컴포즈커피,그룹,스테,STAYC,TEENFRESH,여름,시즌,음료,스테이,틴프레시,에이드,컴포즈커피,스테이씨,TEENFRESH,번째,미니,앨범,틴프레시,발매,기념,팬들,콜라보,음료,프로모션,준비,컴백,앨범,콘셉트,신메뉴,기획,의미,에이드,콜라보,음료,스테이,틴프레시,이름,스테이씨,틴프레시,매력,극대화,에이드,오렌지맛,탄산,화이트펄,비주얼,여름철,활력,선사,컴포즈커피,스테이씨,협업,기념,고객,구매,대상,특별,이벤트,진행,에이드,스테이,틴프레시,구매,1장,스테이,포토,카드,랜덤,증정,포토카드,스테이씨,단체,이미지,개인,이미지,포함,14종,구성,컴포즈,커피,관계자,컴포즈커피,사랑,고객,팬들,경험,선사,스테이씨,콜라보,음료,스테이씨,틴프레시,매력,신메뉴,환상적,조합,여름철,더위","컴포즈커피가 그룹 스테이씨(STAYC)와 손잡고 9월 15일까지 여름 시즌 음료 ‘스테이씨 TEENFRESH(틴프레시) 에이드’를 새롭게 선보인다. 
 
 컴포즈커피는 스테이씨의 세 번째 미니앨범 ‘TEENFRESH(틴프레시)’ 발매를 기념해 팬들을 설레게 할 콜라보 음료와 프로모션을 준비했다. 특히 이번 컴백 앨범을 콘셉트로 한 신메뉴를 기획해 그 의.."
"CU, 명탐정 코난 콜라보 상품 2탄 출시","매니아,BGF리테일,CU,CGV,사무소","CU,명탐정,코난,콜라보,상품,출시,CU,코난,애니메이션,명탐정,인기,콜라보,상품,29일,개봉,명탐정,코난,26번,흑철,극장판,영화,어영,누적,관객,78만,동원,개봉,극장판,시리즈,기록,최고,흥행,경신,CU,명탐정,코난,흑철,어영,개봉,샌드위치,주먹볼,젤리,4종,콜라보,상품,출시,상품,매니아,입소문,출시,100만,누적,판매량,달성,2탄,명탐정,코난,콜라보,상품,6종,1탄,애니메이션,세계관,애니메이션,반영,상품,명탐정,코난,등장,캐릭터들,80종,띠부씰,팬들,수집,욕구,CU,젤리,알약,모양,코난,추리,사용,모양,음성,변조,나비넥타이,명탐정,코난,리본,젤리,딸기,1900원,포와,나폴리탄,파스타,4,900원,코난,신세,유명,탐정,사무소,건물,카페,포와로,인기,메뉴,상품,카레밥,토핑,감자,감자,카레,삼각김밥,1200원,출시,이외,명탐정,코난,스핀오프,제로,일상,유명,카레,맛집,메뉴,콘셉트,기획,카레,유부,초밥,3,800원,상품명,카레밥,감자,토핑,명탐정,코난,에피소드,의혹,카레,참고,의혹,카레버거,3700원,카레,감자,치킨,토핑,의혹,도시락,카레,4600원,CU,출시,기념,21일,CU,자체,커머스,포켓,코난,리본,젤리,범인,퍼즐,이벤트,진행,콜라보,상품,구매,포인트,적립,퍼즐,퍼즐,힌트,퍼즐,범인,추리,이벤트,응모,정답,고객들,추첨,코난,쿠션,10명,흑철,명탐정,코난,CGV,영화,관람,30명,명탐정,코난,리본,젤리,20명,증정,김광민,BGF,리테일,상품,MD,상품들,캐릭터,콜라보,상품,매출,12배,직전년도,대비,3배,매출,신장,열풍,캐릭터,콜라보,인기,캐릭터,CU,차별,상품,지속적,예정","CU가 애니메이션 ‘명탐정 코난’의 인기에 힘입어 오는 31일 콜라보 상품 2탄을 선보인다고 29일 밝혔다. 
 
지난 7월 개봉한 명탐정 코난의 26번째 극장판 영화 ‘흑철의 어영’은 누적 관객 수 78만명을 동원하며 국내 개봉한 극장판 시리즈 중 최고 흥행 기록을 경신했다. 당시 CU는 ‘명탐정 코난: 흑철의 어영’ 개봉에 맞춰 샌드위치, 주먹볼, .."
"락토핏, 올리브영서 ‘망그러진곰’과의 한정판 콜라보 선봬","올리브영,카카오,성원,피크닉세트,에디션,칸타월드패널,MZ,맘키즈","락토핏,올리브영서,선봬,한정판,콜라보,종근당건강,락토핏,MZ,세대,사이,인기,캐릭터,콜라보,제품,올리브영,단독,출시,출시,락토핏,한정판,에디션,가을철,나들,시즌,캐릭터,스페셜,패키지,미니,에코백,구성,제품,박스,내부,스틱,일러스트,전면,삽입,구매,순간,섭취,기분,경험,선사,소장가치,굿즈,한정판,의미,제공,미니,에코백,남녀노소,실용성,제품,가을,나들이,나위,굿즈,락토핏,골드,에디션,올리브영,재고,소진,판매,조기종료,예정,락토핏,카카오선물,콜라보,기획,세트,출시,나들,시즌,출시,피크닉세트,출시,당일,대비,일일,판매액,2,000%,상승,세간,이목,집중,업계,인지도,선호도,고객,만족도,측면,1등,차지,칸타월드패널,그랜드슬램,달성,락토핏,컬래버,바람,락토핏,진행,피크닉매트,콜라보,맘키즈,고객,MZ세대,반향,성원,보답,콜라보,기획,맘키즈,MZ세대,즐거움,대한민국,대표,유산균,브랜드,콜라보레이션,유산균,소비문화,락토핏,미래","종근당건강의 ‘락토핏’이 MZ세대 사이에서 인기 있는 ‘망그러진곰’ 캐릭터와의 콜라보 제품을 올리브영에 단독으로 출시한다. 
 
 이번에 출시되는 락토핏 X 망그러진곰 한정판 에디션은 가을철 나들이 시즌을 맞아 캐릭터가 들어간 스페셜 패키지와 미니 에코백으로 구성됐다. 
 
 특히 제품 박스부터 내부 스틱 포까지 망그러진곰 일러스트를 전면 삽입하여 구매.."
"비스포크 향수 브랜드 메종 21G, 서울옥션과 협업하여 ‘Connect’ 팝업 전시 개최","메종 21G,서울옥션,메종,한국,사조,메종21G","비스포크,향수,브랜드,메종,21G,,서울옥션,협업,Connect,개최,팝업,전시,프리미엄,비스포크,퍼퓨머리,브랜드,메종,21G,Maison,21G,서울옥션,콜라보,제품,출시,메종,21G,제품,서울옥션,콜라보,메종,21G,공식,홈페이지,3층,서울옥션,강남센터,메종21,Connect,전시,구매,가능,한정,판매,진행,세계적,조향사,메종,21G,창립자,Johanna,Monange,조향,참여,작품,3가지,서울옥션,세련,감성,Connect,제품,Seoul,Auction,리드,디퓨저,246,000원,사조,한국,예술,흐름,단색화,Monochrome,실험미술,Avant-garde,퍼퓸,216,000원,168,000원,출시,작품,세계적,Johanna,Monange,서울옥션,한국,단색화,실험미술,감상,향기,세계적,거장,감성,서울옥션,콜라보,작품,10일,3층,서울옥션,강남센터,무료,진행,메종,21G,Connect,전시,부스,시향,구매,메종21,관계자,세계적,거장,경매,예술,흐름,주도,서울옥션,만남,탄생,작품,서울옥션,강남센터,진행,Connect,전시,콜라보,작품,볼거리,프로모션,진행,참여,부탁","프리미엄 비스포크 퍼퓨머리 브랜드 메종 21G(Maison 21G)가 서울옥션과 콜라보 제품을 출시했다. 메종 21G와 서울옥션 콜라보 제품은 9월 1일(금)부터 9월 10일(일)까지 메종 21G 공식 홈페이지와 서울옥션 강남센터 3층에서 열리는 메종21G Connect 전시에서 구매가 가능하며, 한정 판매로 진행된다. 세계적인 조향사이자 메종 21G의.."
"1등 유산균 락토핏, 1등 귀여움 망그러진 곰 캐릭터와 한정판 콜라보 진행","올리브영,카카오,성원,피크닉세트,에디션,칸타월드패널,MZ,맘키즈","락토핏,유산균,1등,캐릭터,진행,한정판,콜라보,종근당건강,락토핏,MZ,세대,사이,인기,캐릭터,콜라보,제품,올리브영,단독,출시,출시,락토핏,한정판,에디션,가을철,나들,시즌,캐릭터,스페셜,패키지,미니,에코백,구성,제품,박스,내부,스틱,일러스트,전면,삽입,구매,순간,섭취,기분,경험,선사,소장가치,굿즈,한정판,의미,제공,미니,에코백,남녀노소,실용성,제품,가을,나들이,나위,굿즈,락토핏,골드,에디션,올리브영,재고,소진,판매,조기종료,예정,락토핏,카카오선물,콜라보,기획,세트,출시,나들,시즌,출시,피크닉세트,출시,당일,대비,일일,판매액,2,000%,상승,세간,이목,집중,업계,인지도,선호도,고객,만족도,측면,1등,차지,칸타월드패널,그랜드슬램,달성,락토핏,컬래버,건강,식품,업계,바람,락토핏,진행,피크닉매트,콜라보,맘키즈,고객,MZ세대,반향,성원,보답,콜라보,기획,맘키즈,MZ세대,즐거움,대한민국,대표,유산균,브랜드,콜라보레이션,유산균,소비문화,락토핏,미래,정진","종근당건강의 ‘락토핏’이 MZ세대 사이에서 인기 있는 ‘망그러진곰’ 캐릭터와의 콜라보 제품을 올리브영에 단독으로 출시한다. 
 
이번에 출시되는 락토핏 X 망그러진곰 한정판 에디션은 가을철 나들이 시즌을 맞아 캐릭터가 들어간 스페셜 패키지와 미니 에코백으로 구성됐다. 
 
특히 제품 박스부터 내부 스틱 포까지 망그러진곰 일러스트를 전면 삽입하여 구매하는.."
"​롯데칠성음료, '마주앙 달항아리' 출시 와인에 전통 민화 디자인 접목","롯데칠성음료,칠레,국보,간송미술관","롯데칠성음료,달항아리,출시,와인,디자,전통,민화,접목,아트,콜라보,에디션,사진,롯데칠성음료,롯데칠성음료,예술,작품,콜라보,마주앙,아트,콜라보,에디션,18일,한정,출시,마주앙,2종,소비자,기간,사랑,기간,한국,최고,最古,와인,마주앙,브랜드,가치,기획,소비자,선호,아로마,탄닌,느낌,강조,마주앙,2종,칠레,산업,부티크,와인,비냐,아키타니아,Vina,Aquitania,와이너리,협업,2종류,라벨,디자인,마주앙,1만,2만,한정,판매,대형,마트,백화점,편의점,채널,판매,예정,알코올,도수,13.5도,100%,까베르네,소비뇽,품종,100%,사용,레드와인,라벨,디자인,기간,한국인,기간,생활용품,예술작품,소재,사용,달항아리,주제,민화,한국인,취향,와인,콘셉트,라벨디자인,미국,오스트리아,중국,등지,민화,전시회,참여,민화,소혜,김영식,작가,콜라보,제작,롯데칠성음료,관계자,기간,소비자,사랑,한국,와인,브랜드,마주앙,브랜드,가치,소비자,차별화,전달,기획,판매,수익금,문화재,한국,미술,단체,기부,문화사업,적극,롯데칠성음료,간송미술관,소장,국보,도자기,활용,와인,마주앙,조르쥬,마주앙,샴페인,2종,출시","마주앙 달항아리 [사진=롯데칠성음료]롯데칠성음료가 지난해에 이어 올해도 예술 작품과 콜라보한 마주앙 아트 콜라보 에디션을 선보인다고 18일 밝혔다. 
  
올해 한정 출시되는 ‘마주앙 달항아리’ 2종은 국내 소비자들에게 가장 오랜 기간 동안 사랑받은 한국 최고(最古)의 와인 ‘마주앙’의 브랜드 가치를 새롭게 알리고자 기획됐다. 
  
국내 소비자들의 선.."
"[더벨]디딤이앤에프, 연안식당 팔도 콜라보 '비빔꼬막장' 론칭","더벨,머니투데,서베,마켓컬리,디딤이앤에프","디딤이앤에프,연안식당,팔도,콜라보,비빔꼬,막장,론칭,더벨,머니투데,thebell,출고,기사,디딤이앤에프,글로벌,외식,기업,자사,브랜드인,연안,식당,팔도,상품,협약,콜라보,상품,마켓,컬리,플랫폼,출시,콜라보,상품,연안식당,팔도,대표,메뉴,비빔꼬막장,새꼬막,연안식당,꼬막,팔도,시그니처,양념,팔도비빔장,콜라보,비빔꼬막장,해동,소면,연안식당,재현,디딤이앤에프,제품,신규,소비자,입맛,만족,디딤이앤에프,관계자,팔도,협업,시장,존재,조합,상품,고객들,선사,지속적,레스토랑,간편식,RMR,상품,강화,요리,간편식,연안,식당,간편식,연안,식당,부추꼬막장,달래꼬막장,인증,블루,리본,서베이,블루,리본,서베이,2005년,발행,레스토랑,가이드북,팔도비빔면,출시,17억,판매,점유율,비빔면,시장,점유,절반,2023년,브랜드,대상,선정","[머니투데이 서하나 기자] 더벨'머니투데이 thebell'에 출고된 기사입니다.

글로벌 외식기업 디딤이앤에프가 6일 자사 브랜드인 연안식당과 팔도와의 상품개발 협약을 맺었다고 밝혔다. 콜라보 상품은 마켓컬리 플랫폼에 출시된다.

이번 콜라보 상품은 연안식당과 팔도의 대표 메뉴를 합쳐 만든 '비빔꼬막장'이다. 국내산 새꼬막으로 만든 연안식당의 '꼬막'과.."
돌아온 후아유와 2023 미스코리아가 만났다...'ESG 데님' 공개,"WHO.A.U,이랜드,ESG,아웃도어 어드벤처,미스코리아","후아유,미스,코리아,ESG,데님,공개,이랜드,아메리칸,캐주얼,브랜드,후아유,WHO.A.U,50명,미스,코리아,ESG,데님,콜라보,캠페인,공개,후아유,캠페인,시작,소재,데님,상품군,확대,예정,이랜드,캠페인,라이프,후아유,라이프,아웃도어,어드벤처,계승,ESG,데님,콜라보,상품,ESG,데님,콜라보,팬츠,화학,약품,워싱,방식,오존,가공,채택,화학,약품,사용,대비,95%,전기,사용,절감,대비,40%,방식,생산,원조,직조,낭비,섬유,부산물들,재활용,소재,사용,지속가능성,메시지,친환경,메시지,후아유,50명,미스,코리아,대상,라벨,디자,공모전,라벨,디자인,미스,코리아,당선,최재원씨,팬츠,ESG,데님,디자,공모전,채택,관계자,이랜드,후아유,팬츠,ESG,데님,후아유,미스,코리아,친환경,메시지,기획,상품,후아유,지속가능,지구,상품,지속,출시,캠페인","[파이낸셜뉴스] 이랜드의 아메리칸 캐주얼 브랜드 후아유(WHO.A.U)가 2023 미스코리아 50명과 함께 'ESG 데님' 콜라보 캠페인을 공개했다. 후아유는 이번 캠페인을 시작으로 친환경 소재의 데님 상품군을 확대해나갈 예정이다. 
 
18일 이랜드에 따르면 이번 캠페인에서는 후아유 4대 라이프 씬 중 '아웃도어 어드벤처'를 계승한 'ESG 데님' 콜.."
"펄어비스, 검은사막 아침의 나라 콜라보 스마트폰 케이스",펄어비스,"펄어비스,사막,나라,콜라보,스마트폰,케이스,펄어비스,대표,허진영,모바일,어페럴,브랜드,기키,GEEKY,게임,사막,신규,지역,나라,테마,스마트폰,케이스,11일,콜라보,제품,조선,시대,배경,나라,지역,독특,요소,바탕,디자인,제품,라인업,케이스,나라,콜라보,사막,책갈피,사막,PC,모바일,쿠폰,포함,스마트폰,케이스,13종,에어팟,케이스,6종,스마트톡,7종,에폭시,스마트톡,3종,구성","펄어비스(대표 허진영)는 최근 모바일 어페럴 브랜드 기키(GEEKY)와 손을 잡고 게임 ‘검은사막’의 신규 지역 ‘아침의 나라’를 테마로 한 스마트폰 케이스를 선보였다고 11일 밝혔다
이번 콜라보 제품은 조선 시대를 배경으로 한 ‘아침의 나라’ 지역의 독특한 요소를 바탕으로 디자인되었다. 제품 라인업에는 아침의 나라 콜라보 케이스, 검은사막 책갈피, 그.."
"힙합 탄생 50주년 맞아 `이색 콜라보` 봇물 ""고객 저변 확대""","제이지,신세계백화점,HIPHOP파티,스카치,몽키숄더,시바스","50주년,힙합,탄생,주년,이색,콜라보,봇물,고객,저변,확대,50주년,힙합,탄생,주년,해외,기념,행사,다수,브랜드,힙합,힙합,이색,콜라보,봇물,협업,고객,저변,힙합팬들,확대,기회,마련,업계,유통업,신세계백화점,50주년,힙합,탄생,주년,기념,24일,부산,센텀시티점,힙합플레이야,축제,점포,지하,중앙,광장,하이퍼그라운드,최대,영패션,전문관,행사,힙합,아티스트,릴레이,공연,토크쇼,전시,힙합,앨범,힙합,스카치,위스키,브랜드,몽키,숄더,DJ,크루,Sounds,콜라보,파티,개최,5일,DJ,Crew,Sounds,HIPHOP파티,12일,고성,STRICTLY,VINYL,썸머,캠프,진행,힙합,콜라보,몽키숄더,관계자,이색적,경험,추구,소비자,트렌드,반영,분야,대중들,프로그램,기획,노력,DJ,파티,전국,바텐더들,진행,시그니처,칵테일,프로그램,메이크,몽키,프로그램,몽키숄더,매력,프로그램,마련,시바스,도미닉,래퍼,사이먼,콜라보,한정판,세트,한정판,세트,시바스,13년,라이,셰리,버번,15년,18년,포함,위스키,사이먼,도미닉,음악,철학,대표곡,가사,포함,박스,디자인,특징,사이먼,도미닉,친필,사인,전용잔,제작,사이먼,도미닉,앨범,가사,캘리그라피,표현,디자,포스터,글로벌,스포츠,브랜드,푸마,제이지,설립,음반사,네이션,협업,스니커즈,스니커즈,근거리무선통신,NFC,내장,아티스트들,힙합,장르,아티스트,트랙,비하인드,콘텐츠,업데이트","힙합 탄생 50주년을 맞아 국내는 물론, 해외까지 이를 기념하는 행사가 이어지고 있는 가운데, 국내에서도 다수 브랜드와 힙합 간 이색 콜라보가 봇물을 이루고 있다. 이러한 협업으로 고객 저변을 힙합팬들로 확대할 수 있는 기회가 마련될 것으로 업계는 기대하고 있다.



18일 유통업계에 따르면, 신세계백화점은 힙합 탄생 50주년을 기념해 오는 24일까지.."
“이색 캐릭터 공간으로 젊은층 공략” 콜라보 팝업 마케팅 인기,"KCC페인트,롯데백화점,페르노리카코리아,현대백화점,KCC,골프존,GDR아카데미,COCKTAILS","공간,이색,캐릭터,공략,콜라보,인기,팝업,마케팅,스포츠,주류,페인트,업계,산업군,공략,콜라보레이션,협업,공간,마케팅,인기,단순,구매,공간,경험,중요시,MZ세대,기업들,캐릭터,브랜드,팝업스토어,진행,이미지,변화,시도,골프존GDR아카데미,위글위글,골프존,GDR,아카데미,위글,위글,코로나19,입문자,골프,증가,골프존,GDR,아카데미,개성,디자인,MZ세대,인기,위글위글,협업,한정판,굿즈,발매,콜라보,팝업,스토어,운영,7일,13일,GDR,아카데미,강북미,아점,진행,팝업스토어,위글위글,대표,지식,재산,IP,위글,활용,공간,연출,GDR,PLUS,타석,공간,독특,분위기,포토존,마련,이벤트,SNS,인증,진행,위글,아트웍,활용,드라이버,커버,파우치,볼마커,위글,골프공,세트,콜라보,한정판,굿즈,판매,관계자,골프존,GDR,아카데미,브랜드,콜라보,고객,즐거움,경험,제공,고객,친화,마케팅,활동,예정,연령층,GDR,골프,전환,브랜드,분위기,노력,KCC페인트,마시마로,KCC,페인트,페인트,업계,이색,협업,공간,마케팅,소비자,접점,확대,KCC페인트,캐릭터,대한민국,토종,마시마로,협업,김포공항점,롯데백화점,번재,팝업,스토어,7월,현대백화점,판교점,천호점,팝업스토어,운영,마시마로,컨셉,콜라보,아트웍,활용,인형,에코백,캐릭터,굿즈,입구,위치,크기,마시마,전시물,녹색,페인트,KCC,페인트,친환경성,이미지,표현,KCC페인트,기술적,메시지,캐릭터,이용,브랜드,감성,가치,소비자,전달,전략,KCC,관계자,페인트,제품,소비자,밀접,어필,캐릭터,마시마로,제품,장점,기술적,메시지,전달,소비자,경험,감성,가치,보드카,앱솔루트,스티키몬스,터랩,페르노리카코리아,대표,프리미엄,보드카,앱솔루트,스티키몬스터랩,앱솔루트,그라운드,팝업스토어,서울,광진구,건대,커먼그라운드,매장,오픈,열흘,3000명,방문,발길,앱솔루트,스티키몬스터랩,앱솔루트,칵테일,캠페인,월드,오브,앱솔루트,World,ABSOLUT,COCKTAILS,착안,캐릭터,팝업스토어,배치,독특,개성,스티키몬스터,캐릭터,생각,경험,긍정적,변화,철학,앱솔루트,브랜드,감각,설명,페르노리카코리아,관계자,스티키몬스터랩,트렌드,선도,캐릭터,브랜드,협업,문화,예술,기업,자리매김","최근 스포츠부터 주류, 페인트 업계까지 산업군을 막론하고 젊은층을 공략하기 위한 ‘콜라보레이션(협업) 공간 마케팅’이 인기를 끌고 있다. 단순 구매보다는 공간 경험을 중요시하는 MZ세대를 사로 잡기 위해서다. 특히 기업들은 젊은층에게 친근한 캐릭터 브랜드와 함께 팝업스토어를 진행해 이미지 변화를 시도하고 있다.



골프존GDR아카데미 X 위글위글

코.."
"‘오늘도 사랑스럽개’ 차은우X박규영, 원작과 같은 듯 다른 비주얼 포스터 공개","MBN스타,진서원,네이버,서원,해나,MBC","사랑,차은우X박규영,원작,공개,비주얼,포스터,웹툰,원작자,이혜,작가,작화,콜라보,포스터,공개,그림,사랑,포스터,스페셜,공개,18일,방송,MBC,수요,드라마,사랑,서로,트라우마,비밀,조금씩,진서원,차은우,한해나,박규영,안방극장,대리,전달,서원,해나,만남,호감,평소,신경,질투,사실,심장,박동,키스,사람,모습,방송,로맨스,향방,사랑,동명,네이버웹툰,원작자,이혜,작가,작화,포스터,콜라보,공개,지난주,지난주,1,,명장면,바탕,1,,콜라보,포스터,각종,커뮤니티,SNS,관심,공개,포스터,콜라보,시선,포스터,말미,방송,결혼식장,동료,교사,서원,윤채아,이서엘,우산,장면,차은우,진서원,박규영,웹툰,비주얼,자랑,캐릭터,착붙,사람,모습,명장면,의도,초밀착,사람,거리,폭발,시청자들,연애,세포,드라마,방영,기념,작가,원작자,이혜,콜라보,포스터,추후,공개,예정,방송,목요일,공개,사랑,콜라보,포스터,흥미,자극,드라마,시청자들,선물,MBN스타","웹툰 원작자 이혜 작가가 작화한 3회 콜라보 포스터 공개 
그림으로 되짚어 보는 3회 명장면
‘오늘도 사랑스럽개’가 3회 스페셜 포스터를 공개했다.
지난 18일 오후 방송된 MBC 수요드라마 ‘오늘도 사랑스럽개’에서는 서로의 트라우마와 비밀을 감싸주며 조금씩 가까워지는 진서원(차은우 분)과 한해나(박규영 분)의 관계가 안방극장에 대리 설렘을 전달했다.
.."
"향기와 패션이 만났다...에이피알, 포맨트X널디 한정판 향수 출시","널디,어코드,에이피알,JTBC,드 널,이 퍼","향기,패션,에이피알,포맨트,널디,한정판,향수,출시,포맨트x,시그니처,퍼퓸,널디,판타지,에이피알,포맨트,퍼퓸,라이프,스타일,브랜드,FORMENT,스트릿,패션,브랜드,널디,NERDY,콜라보레이션,제품,자사,브랜드,협업,시너지,극대화,에이피알,론칭,지난달,판타지,포맨트,시그니처,퍼퓸,널디,에이피알,대표,브랜드,대표,포맨트,널디,패션,브랜드인,콜라보,제품,플래그십,오픈,기념,출시,제품,개성,디자인,강조,메시지,지지,브랜딩,요소,포맨트,향수,해석,개장,플래그십,테마,집중,향수,이름,플래그십,테마,동일,판타지,제품,외관,널디,퍼퓸,패키지,상징,컬러,퍼플,띠지,바틀,포맨트,향수,디자인,보라색,패턴,정면,로고,플레이,적용,사람,고양이,세상,플래그십,테마,고양이,스크래치,디자인,적용,레어,반항적,이미지,구성,탑노트,풋사과,오렌지,후각,미들노트,장미,아이리스,뮤게,어코드,대조적,구성,반항적,이중적,느낌,한정판,향수,온라인,판매,이날,홍대,위치,스토어,널디,플래그십,에이피알,브랜드간,콜라보,지속적,추진,계획,에이피알,브랜드들,뷰티,패션,주제,각자,영역,구축,만큼,긍정,고객,경험,확대,콜라보,역할,판단,포맨트,여름,앱솔루트,보드카,연초,JTBC,한문철,블랙박스,리뷰,방송,프로그램,7월,포토그레이,연남점,포토부스,콜라보,콘텐츠,에이피알,관계자,콜라보,포맨트,널디,개성,에이피알,브랜드들,성장세,만큼,자사,브랜드간,교차,콜라보,포함,방안,브랜딩,재고,검토","포맨트x널디 '시그니처 퍼퓸 널디 판타지' [파이낸셜뉴스] 에이피알이 퍼퓸&라이프스타일 브랜드 포맨트(FORMENT)와 스트릿 패션 브랜드 널디(NERDY)의 콜라보레이션 제품을 선보인다. 자사 브랜드 간 협업을 통해 시너지를 극대화할 것으로 기대된다. 
 
3일 에이피알에 따르면 지난달 27일 론칭한 포맨트 '시그니처 퍼퓸 널디 판타지'는 에이피알의 .."
"유통업계, 귀여운 캐릭터 콜라보로 MZ세대 ‘덕심’ 자극","더모코스메틱,올리브영,패트병,데일리 모이스처,비알코리아,데브시스터즈,현대,세라엠디,던킨,벨리곰,SPC,국순당","유통업계,캐릭터,콜라보,MZ,세대,덕심,자극,게임,매력,현대인,웃음,즐거움,힐링,선사,어른들,덕심,자극,강아지,아기,영상,SNS상,조회,기록,증명,유통업계,모양,행동,캐릭터,협업,어른이,어른,어린이,성향,MZ,세대,소비자,마음,공략,화장품,업계,식품,주류업계,유통업계,캐릭터,콜라보,리얼베리어,피부,장벽,전문,더모,코스메틱,브랜드,Real,Barrier,일상,일상,웃음,세계관,거대,인형,캐릭터,벨리곰,협업,2종,리얼베리어,벨리곰,한정,익스트림,익스트림,리얼베리어,제품,대표,보습,익스트림,크림,익스트림,로션,덩치,사람,웃음,사랑,캐릭터,벨리곰,패키지,패키지,구매,구매처,콜라보,제품,구매,키링,벨리곰,인형,열쇠고리,스마트톡,파우치,증정,열광,소비자들,눈길,리얼베리어,브랜드,출시,기획세트,리얼베리어,벨리곰,한정,익스트림,크림,5일,행사,시작,올리브영,온라인몰,판매,랭킹,달성,벨리곰,셀럽,인기,실감,가량,벨리곰,키링,리얼베리어,콜라보,굿즈,가치,만큼,소장,덕심,자극,한몫,더마비,생활,보습,바디,전문,브랜드,Derma,MZ세대,취향,저격,와사비,감성,캐릭터,협업,마비X와사비,콜라보,한정,출시,와사비베어,슈가레인,인형,핸드,메이드,작가,캐릭터,개인,취향,개성,중시,MZ,세대,특성,반영,DIY,형태,인형,체형,와사비베어,일견,말투,표정,와사비,연상,사이,사랑,대표,제품,바디로션,데일리,모이스처,데일리,모이스처,로션,세라엠디,리페어,고보습력,와사비맛,연결,보습,매운맛,메시지,와사비,캐릭터,전달,와사비,캐릭터,적용,제품,패키지,한정,구매,새침,콜라보,기획,세트,구매,와사비,인형,키링,스티커,포인트,증정,프로모션,마비,콜라보,제품,올리브영,오프라인,판매,기준,출시,판매,바디로션,데일리,모이스처,로션,세라엠디,리페어,전년,동기,대비,2022년,10일,매출,136%,증가,추산,1분,1개,브랜드,더마비,선호,취향,MZ,세대,소비자,캐릭터,콜라보,지속,대표,제품군,이미지,화장품,브랜드,업계,식품,주류,캐릭터,콜라보,덕심,자극,SPC,비알,코리아,운영,던킨,데브시스터즈,쿠키런,모바일,게임,킹덤,캐릭터,협업,키링,쿠키런,인형,2종,키링,쿠키런,인형,2종,데브시스터즈,쿠키런,킹덤,등장,인기,캐릭터,쿠키,딸기맛,쿠키,모양,키링,봉제,인형,전국,매장,1만,구매,구매,가능,수량,소진,행사,자동,종료,소진,시점,점포,제품,국순당,IPX,라인프렌즈,협업,라인프렌즈,캐릭터,국순당,단팥,국순당,출시,국순당,단팥,국순당,브라운,라인프렌즈,캐릭터,패트,제품,브니니,제품,2가지,할매니얼,트랜드,인기,막걸리,접목,팥빙수,아이스크림,특징,패트병,제품,무표정,표정,매력,브라운,라인프렌즈,캐릭터,디자인,제품,브니니,이미지,친근감","“귀여우면 게임 끝?!” ‘귀여움’이 지닌 매력이 지친 현대인에게 웃음과 즐거움, 나아가 힐링까지 선사하며 어른들의 ‘덕심’을 자극하고 있다. 귀여운 강아지나 아기의 웃는 영상 등이 SNS상에서 높은 조회 수를 기록하는 것 역시 ‘귀여움’의 힘을 증명한다. 
 
 이에 유통업계에서는 모양이나 행동이 앙증맞고 곱살스러운 캐릭터와의 협업을 통해 어른이(어른.."
추석선물도 ‘콜라보’가 대세 현대百 “소비자 트렌드 변해 맞춤 대응”,"애플,현대백화점,현대百","추석선물,콜라보,대세,현대,소비자,트렌드,대응,추석,연휴,모임,여행지,홈파티,적합,상품,콜라보,세트,선호도,현대백화점,19일,정육,선물,세트,매출,결과,소스,양념,시즈닝,한우,세트,판매량,추석,비교,61.9%,증가,신장률,기간,현대백화점,추석,선물,세트,매출,신장,31.1%,2배,육박,수치,대표,상품,한우,등심스테이크,불고기,세트,지난달,예약,판매,개시,달만,조기,품절,현대백화점,관계자,조리,풍미,식사,고급,소스,양념,구매,고객들,캠핑장,여행지,모임,휴식,명절,문화,정착,연휴,추석,휴가,계획,고객들,영향,풀이,선호,콜라보,상품,상품군,전통적,명절과일,사과,샤인머스켓,애플망고,디저트,과일,조합,세트,수요,실제,과일,구성,매출,혼합,세트,추석,50.8%,증가,대표,상품,사과,샤인머스켓,머스크,멜론,애플망고,구성,현대명품,혼합,과일,24만,26만,금향멜론,샤인머스켓,애플망고,구성,H-SWEET,금향,애플망고,샤인머스켓,15만,17만,현대백화점,관계자,조합,인기,다품종,세트,고객,눈높이,콜라보,상품,준비,주문,명절,기간,배송,관리,서비스,품질,신경","올해 추석 연휴에는 대가족 모임보다 여행지나 홈파티 등에서 즐기기에 적합한 상품을 묶은 콜라보' 세트 선호도가 높아졌다는 분석이다. 현대백화점은 19일 지난 한 달간 정육 선물세트별 매출을 분석한 결과, 소스 양념 등 시즈닝과 한우를 묶은 세트 판매량이 지난해 추석과 비교해 61.9% 증가했다고 밝혔다. 같은 기간 현대백화점 전체 추석 선물세트 매출 신.."
"작품 전시하고, 강좌 열고 ‘프리즈’서 백화점-패션업체 만나요","큐,신세계百,키아프리즈,신세계백화점,미,현대백화점,신라호텔,현대百,한국,메타,한국화랑협회,아트","작품,전시,강좌,프리즈,백화점,패션업체,이주,PICK,프리즈,전시장,유통업체들,신세계,라운지,컬렉션,전시,현대,운영,체험,공간,강좌,진행,호텔,패션업체,노려,프리즈,수요,가을,예술,6일,9일,아트페어,세계,아트,페어,프리즈,코엑스,서울,강남구,6일,10일,한국화랑협회,한국국제아트페어,KIAF,키아프리즈,아트,콜라보,진행,유통업체들,키아프리즈,갖가지,행사,예정,백화점,업계,키아프리즈,콜라보,준비,신세계백화점,프리즈,서울,공식,파트너,참가,행사장,VIP,라운지,개장,예정,나무,가죽,자연,소재,활용,한국,신세계백화점,소유,아트,컬렉션,관람,파트너,키아프,공식,참가,현대백화점,키아프,현대어린이책미술관,MOKA,부스,설치,메타,버스,체험,공간,예정,행사,기간,문화센터,아트,컬렉팅,시장,세계,미술,흐름,강좌,개강,예정,호텔들,프리즈,서울,맞이,마케팅,돌입,프리즈,파트너십,서울,신라호텔,프리즈,서울,VIP,패스,제공,객실,패키지,프리즈,위크,신라,서울,객실,라운지,이용,특별,기프트,포함,패스,31일,이용,가능,이달,연말,서울,신라호텔,로비,이배,작가,시리즈,신작,전시,시그니엘,서울,2장,프리즈,입장권,숙박권,결합,패키지,아트,갤러리,콜라보,패션,업계,프리즈,맞이,파트너,프리즈,공식,참여,W컨셉,패션,플랫폼,행사장,라운지,설치,아티스트,콜라보,전시,체험,공간,예정,외출,계절,미술,나들이,가을,유통팀,레이션,라이프스타일,인스타그램,magazine",가을과 함께 예술이 찾아왔습니다. 다음 달 6일부터 9일까지 세계 3대 아트페어로 불리는 ‘프리즈’가 지난해에 이어 서울 강남구 코엑스에서 열립니다. 6일부터 10일까지 한국화랑협회가 여는 한국국제아트페어(KIAF 키아프)와 함께 묶어 ‘키아프리즈’로 불리기도 하는데요. 최근 다양한 아트 콜라보를 진행하는 유통업체들도 키아프리즈와 함께하는 갖가지 행사를..
게이머 ‘덕심’ 잡는다 韓 게임사 이색 콜라보,"어드벤처,네오위즈,반올림피자,현대카드,엔씨,왕뚜껑은사막,넷마블,펄어비스,신한카드,넥슨,장르,한국콘텐츠진흥원,타깃,엔씨소프트,쿵야,이락디지털문화연구소장","게이머,덕심,게임사,이색,콜라보,음식,카드사,방면,이색,협업,수익원,발굴,확보,신규,이용자,게임,산업,음식,카드사,미디어,방면,이색,협업,외연,확장,콜라보,특정,타깃,유입,유도,골수,게이머,덕심,게임사들,수익원,발굴,신규,이용자,확보,일거양득,효과,이색,콜라보,연일,화제,펄어비스,라면,브랜드,맞손,펄어비스,사막,감은사막,샴푸,특이,제휴,이용자들,웃음,팔도,왕뚜껑,사막,왕뚜껑,사막,컵라면,왕뚜껑,사막,열기,콘셉트,기획,제품,사막,디자,패키징,특징,제품,구매,동봉,쿠폰,게임,아이템,제휴,상자,펄어비스,관계자,펄어비스,이용자들,혜택,오프라인,재미,제공,제품군,콜라보,이벤트,진행,이용자들,추억,선물,콜라보,계획,네오위즈,피자,프렌차이즈,반올림,피자,고양이,힐링,방치,모바일,게임,스프,컬래버레이션,이벤트,진행,반올림피자,콜라보,메뉴,주문,고양이,스프,인게임,사용,가능,아이템,쿠폰,제공,방식,고양,캐릭터,요리사,변신,피자,삽화,피자,상자,제공,엔씨소프트,넥슨,카드사,협업,엔씨,다중접속역할수행게임,MMORPG,리니지2,몬스터,유래,캐릭터,도구리,신한카드,제휴,카드,출시,캐릭터,반전,문구,재미,요소,카드,소장,가치,저격,신용,체크카드,사용자,대상,각종,이벤트,진행,도구리,굿즈,상품,키트,제공,넥슨,인기,지식,재산,IP,데이브,다이버,26일,기획,행사,데이브,6월,출시,하이브리드,해양,어드벤처,장르,싱글,게임,독창적,게임성,완성도,콘텐츠,출시,100만,누적,판매량,돌파,한국콘텐츠진흥원,선정,이달,우수게임,선정,흥행,넥슨,현대카드,넥슨,현대카드,공개,게이머,넥슨,현대카드,이벤트,기간,15만,사용,포인트,게임,머그잔,사은품,혜택,넷마블,IP,효자,캐릭터,극장가,진출,쿵야,채소,캐릭터,소재,출시,야채부락리,캐주얼,게임,야채,부락리,출발,TV,애니메이션,쿵야쿵야,장면,소셜미디어,중심,유명,MZ세대,사랑,캐릭터,급부상,쿵야레스토랑즈,인스타그램,16만,기록,인기,레스토랑즈,개봉,추석,시즌,영화,퇴마,연구소,설경,비밀,특별,콜라보,진행,협업,레스토랑즈,주인공,양파쿵야,영화,캐릭터,영화,변신,모습,예정,각종,행사,굿즈,제공,이벤트,영화,티켓,증정,방식,이색적,콜라,자사,게임,기업,이미지,부각,홍보,전략,주목,이장주,이락,디지털,문화,연구소장,게임,서비스,제품,콜라보,상생,발전,평가","게임 산업계가 음식, 카드사, 미디어 등 여러 방면에서 이색 협업을 통해 외연 확장에 나서고 있다. 다채로운 콜라보는 특정 타깃층의 유입을 유도할 뿐 아니라 골수 게이머들의 ‘덕심’을 더 굳건하게 한다. 게임사들은 새로운 수익원을 발굴하고 신규 이용자를 확보하는 등 일거양득 효과를 얻고 있다. 
 
적극적인 이색 콜라보로 연일 화제를 낳은 펄어비스는 이.."
"허그매트X헬로입주, 콜라보 상품권 증정 이벤트 진행","허그매트X헬로입주,허그매트,아이에스동서,허그컴퍼니","허그매트X헬로입주,진행,콜라보,상품권,증정,이벤트,허그컴퍼니,층간,소음매트,전문,브랜드,허그매트,헬로입주,콜라보이벤트,진행,25일,사람들,운영,헬로입주,입주,신축,아파트,준비,고객,시공,파트너,연결,입주,온라인,매칭,플랫폼,아이에스동서,건설,건자재,리모델링,경험,권지혜,대표,창업,콜라보,이벤트,참여,방법,헬로입주,회원,가입,결제,시공,상품권,지급,이벤트,마감,상품권,소진,조기,허그매트,관계자,경기,고객,경제,부담,이벤트,신뢰,브랜드,혜택,참여,난이도,만큼,소진,예상,혜택,고객,부담,프로모션,진행,계획,허그매트,바닥재,손상,최소화,허니컴,구조,매트,출시,예정","[머니투데이 김재련 기자] 허그컴퍼니의 층간소음매트 전문 브랜드 허그매트가 헬로입주와 함께 콜라보이벤트를 진행한다고 25일 밝혔다.

 
내일을사는사람들이 운영하는 헬로입주는 신축 아파트 입주를 준비 중인 고객과 시공 파트너를 연결해주는 입주 온라인 매칭 플랫폼으로 아이에스동서에서 건설, 건자재, 리모델링 등 경험을 쌓은 권지혜 대표가 창업했다.

이번.."
"예지미인, 오가닛데일리 몰랑이 키링 세트 콜라보 출시","예지미인,오가닛데일리","예지미인,오가닛데일리,몰랑,키링,세트,콜라보,출시,콜라보,활동,진행,예정,여성,용품,전문,브랜드,예지미인,몰랑이,인기,캐릭터,협업,몰랑,오가닛데일리,생리대,키링,세트,신규,출시,14일,예지미인,콜라보,세트,유기농,순면,커버,생리대,오가닛데일리,몰랑,키링,열쇠고리,구성,예지미인,오가닛데일리,3년,화학비료,화학,비료,사용,토양,채취,목화,사용,생리대,유기농,순면,커버,캐릭터,찹쌀떡,토끼,모양,몰랑이,순수,형상화,키링,무작위,동봉,여성,신체적,심리적,컨디션,저하,생리,기간,즐거움,선사,기획,에디션,오가닛데일리,띠부씰,소비자,반응,몰랑,캐릭터,모습,키링,파우치,가방,포인트,액세서리,활용,회사,설명,예지미인,관계자,콜라보레이션,활동,고객들,교감,예정","여성용품 전문 브랜드 예지미인이 인기 캐릭터 몰랑이와 협업해 ‘오가닛데일리 생리대 몰랑이 키링 세트’를 신규 출시한다고 14일 밝혔다. 
 

 예지미인의 이번 콜라보 세트는 유기농 순면커버 생리대 오가닛데일리와 몰랑이 키링(열쇠고리)으로 구성됐다. 
 

 예지미인 오가닛데일리는 3년 이상 화학비료를 사용하지 않은 토양에서 채취한 목화를 사용한 유기농.."
"""코난 덕후 모여라"" CU 명탐정 코난 콜라보 상품 2탄 출시","CU,파스타,사무소","코난,덕후,출시,CU,명탐정,코난,콜라보,상품,CU,코난,애니메이션,명탐점,인기,콜라보,상품,업계,단독,2탄,명탐정,코난,콜라보,상품,6종,상품,명탐정,코난,등장,캐릭터들,80종,띠부씰,팬들,수집,욕구,CU,젤리,알약,모양,코난,추리,사용,음성,변조,나비,넥타이,모양,명탐정,코난,리본,젤리,딸기,포와,나폴리탄,파스타,코난,신세,유명,탐정,사무소,건물,카페,포와로,인기,메뉴,상품,CU,카레밥,토핑,감자,감자,카레,삼각김밥,출시,의혹,의혹,카레버거,도시락,카레,카레,유부,초밥","[머니투데이 조한송 기자] CU가 애니메이션 '명탐점 코난'의 인기에 힘입어 오는 31일 콜라보 상품 2탄을 업계 단독으로 선보인다.

이번에 선보이는 명탐정 코난 콜라보 상품 2탄은 총 6종이다. 각 상품에는 명탐정 코난에 등장하는 캐릭터들을 그려 넣은 80종의 띠부씰을 넣어 팬들의 수집 욕구를 높였다.

 CU는 알약 모양 젤리에 이어 코난이 추리할.."
15대의 피아노가 연주되는 ‘2023 경기피아노페스티벌’,"쉬프,경기아트센터,수원시음악협회,하트하트오케스트라,경기필하모닉오케스트라,대극장,마이,소나티네","15대,피아노,연주,경기피아노,페스티벌,예술감독,피아니스트,김대진,경기아트센터,경기피아노,페스티벌,포스터,개최,피아니스트,김대진,예술감독,수원시음악협회,기회,피아노,주제,진행,축제,쉬프,거장,안드라스,리사이틀,피아노,사랑,아마추어,연주자,프로그램,대극장,콘서트,개막,오프닝,피아노,오케스트라,김대진,예술,감독,30명,피아니스트,무대,쇼팽,발라드,15대,피아노,연주,5번,베토벤,교향곡,소극장,소나티네,마이,페이보릿,Favorite,Sonatine,피아노,콜라보,차례,소나티네,마이,페이보릿,수원시,음악,협회,공모,선정,아마추어,피아니스트,참여,피아노,콜라보,피아니스트,2인,영재,피아니스트,콜라보,무대,준비,피아니스트들,피아니스트,안드라스,쉬프,대극장,공연,프로그램,사전,공개,유명,쉬프,리사이틀,바흐,하이,모차르트,베토벤,슈베르트,즉흥적,선택,연주,무대,소극장,무대,장애인,콘서트,발달,장애인,단원,구성,하트하트오케스트라,모차르트,대표곡,연주,대극장,경기필하모닉오케스트라,신박듀오,피아니스트,임동민,페스티벌,마지막,무대,장식,경기아트센터,열린무대,무대,피아노,버스킹,예정","경기아트센터는 10월 4~7일 ‘2023 경기피아노페스티벌’(포스터)을 개최한다. 피아니스트 김대진이 예술감독을 맡았으며 수원시음악협회가 함께한다. ‘모두의 기회, 모두의 피아노’라는 주제로 진행되는 이번 축제는 거장 안드라스 쉬프의 리사이틀부터 피아노를 사랑하는 아마추어 연주자들까지 다채로운 프로그램으로 이루어져 있다. 
 
10월 4일 대극장의 개막.."
15대 피아노 한 무대로 ‘2023 경기피아노페스티벌’ 개최,"쉬프,경기아트센터,수원시음악협회,하트하트오케스트라,경기필하모닉오케스트라,대극장,마이,소나티네","피아노,무대,경기피아노페스티벌,개최,경기아트센터,경기아트센터,경기피아노,페스티벌,개최,피아니스트,김대진,예술감독,수원시음악협회,기회,피아노,주제,진행,축제,쉬프,거장,안드라스,리사이틀,피아노,사랑,아마추어,연주자,프로그램,대극장,콘서트,개막,오프닝,피아노,오케스트라,김대진,예술,감독,30명,피아니스트,무대,쇼팽,발라드,15대,피아노,연주,5번,베토벤,교향곡,소극장,소나티네,마이,페이보릿,Favorite,Sonatine,피아노,콜라보,차례,소나티네,마이,페이보릿,수원시,음악,협회,공모,선정,아마추어,피아니스트,참여,피아노,콜라보,피아니스트,2인,영재,피아니스트,콜라보,무대,준비,피아니스트들,피아니스트,안드라스,쉬프,대극장,공연,프로그램,사전,공개,유명,쉬프,리사이틀,바흐,하이,모차르트,베토벤,슈베르트,즉흥적,선택,연주,무대,소극장,무대,장애인,콘서트,발달,장애인,단원,구성,하트하트오케스트라,모차르트,대표곡,연주,대극장,경기필하모닉오케스트라,신박듀오,피아니스트,임동민,페스티벌,마지막,무대,장식,경기아트센터,열린무대,무대,피아노,버스킹,예정","경기아트센터는 10월 4~7일 ‘2023 경기피아노페스티벌’을 개최한다. 피아니스트 김대진이 예술감독을 맡았으며 수원시음악협회가 함께한다. ‘모두의 기회, 모두의 피아노’라는 주제로 진행되는 이번 축제는 거장 안드라스 쉬프의 리사이틀부터 피아노를 사랑하는 아마추어 연주자들까지 다채로운 프로그램으로 이루어져 있다. 
 
10월 4일 대극장의 개막 ‘오프닝.."
"SRT, 승차권과 LG 야구관람권 결합한 패키지 상품 개발","에스알,LG스포츠,LG,SR,에스알(SR)","SRT,승차권,결합,LG,야구,관람,패키지,상품,고객,팬층,확대위,업무,협약,체결,이벤트,경품,협찬,제작,콜라보,굿즈,협력,에스알,잠실종합운동장,서울,LG스포츠,업무햡약식,고객,팬층,확대,열차,경기관람,연계,사업,추진,에스알,제공,고속,철도,SRT,LG,승차권,야구,관람,결합,패키지,상품,콜라보,굿즈,협력,에스알,SRT,운영사,SR,LG스포츠,열차,경기관람,연계,패키지,상품,잠실종합운동장,서울,업무협약,체결,24일,22일,협약식,대표,이종국,에스알,대표,김인석,LG,스포츠,참석,고객,팬층,확대,연계사업,추진,에스알,LG스포츠,SRT,승차권,야구,관람,결합,패키지,상품,상호,오프라인,광고,매체,활용,확산,광고,협력,이벤트,경품,상호,협찬,콜라보,굿즈,제작,ESG,지속가능,미래,가치,창출,사업,협력,계획,대표이사,이종국,에스알,대표,이사,SRT,경전,동해,전라선,운행확대,지역,스포츠팬들,SRT,편리,전국,스포츠경기,관람,LG스포츠,협력,지역사회,지속,가능,발전,노력","에스알은 22일 서울 잠실종합운동장에서 LG스포츠와 업무햡약식을 열고, 양 사의 고객과 팬층 확대를 위해 열차와 경기관람을 연계한 다양한 사업을 함께 추진하기로 했다. 에스알 제공



 고속철도 SRT이 LG와 함께 승차권과 야구 관람권을 결합한 패키지 상품을 개발하고 콜라보 굿즈를 개발하는 등 서로 협력하기로 했다. 
 
 SRT 운영사 에스알(SR.."
"크래프톤, 서울 성수동에 PNC 2023 팝업 스토어 오픈","PNC,크래프톤","크래프톤,서울,성수동,PNC,팝업,스토어,오픈,크래프톤,펍지,네이션스,개최,서울,성수동,팝업,스토어,운영,크래프톤,스토어,서울,성수동,테이스트앤드테이스트,플래그십,오픈,팝업,스토어,PNC,개최,기념,콜라보,메뉴,PNC,굿즈,스토어,17일,운영,PNC,메뉴,콜라보,겼닭,수류탄,스테이크,아란치니,에이드,보급,상자,블루레몬,에이드,수박,구성,메뉴들,테이스트앤드테이스트,배틀그라운드,영감,바탕,콜라보,메뉴,주문,PNC,스티커,팝업,스토어,PNC,반팔,티셔츠,PNC,기념,PNC,타올,응원,PNC,굿즈,구매,PNC,굿즈,구매,고객,크래프톤,리유저블백,증정,현장,비치,부스,특별,포토,기념사진,촬영,오픈,팝업,스토어,기념,SNS,이벤트,진행,PNC,국가,대표,선수,스쿼드,실력,국가대항전,15일,17일,3일,서울,상암동,아프리카,콜로세움,유관중,진행,이다,니엘","크래프톤이 ‘펍지 네이션스 컵 2023’ 개최를 맞아 서울 성수동에 팝업 스토어를 운영한다. 
 
12일 크래프톤에 따르면 서울 성수동 테이스트앤드테이스트 플래그십 스토어에 오픈한 팝업 스토어에서 PNC 2023 개최를 기념하는 다양한 콜라보 메뉴와 PNC 2023 굿즈를 만나볼 수 있다. 스토어는 오는 17일까지 운영한다. 
 
PNC 2023 콜라보.."
"CU, 명탐정 코난 협업 상품 2탄 출시 “띠부씰 넣어 수집욕 높였다”","매니아,BGF리테일,CU","CU,명탐정,코난,협업,상품,출시,수집욕,CU,코난,애니메이션,명탐점,2탄,협업,상품,업계,단독,29일,2탄,명탐정,코난,콜라보,상품,6종,1탄,애니메이션,세계관,애니메이션,반영,상품,명탐정,코난,등장,캐릭터,80종,띠부씰,팬들,수집,욕구,CU,포와,명탐정,코난,리본,젤리,딸기,의혹,나폴리탄,파스,감자,카레,삼각김밥,의혹,카레버거,도시락,카레,카레,유부,초밥,6종,CU,26번,명탐정,코난,흑철,극장판,영화,어영,개봉,샌드위치,주먹볼,젤리,4종,콜라보,상품,출시,상품,매니아,입소문,출시,100만,누적,판매량,달성,김광민,BGF,리테일,상품,상품,기획자,MD,상품들,캐릭터,콜라보,상품,매출,직전,직전,대비,3배,매출,신장,열풍,캐릭터,협업,인기,캐릭터,CU,차별,상품,지속적,예정","CU는 애니메이션 '명탐점 코난' 협업 상품 2탄을 업계 단독으로 선보인다고 29일 밝혔다.

이번에 선보이는 명탐정 코난 콜라보 상품 2탄은 총 6종이다. 1탄과 마찬가지로 애니메이션 속 세계관을 충실히 반영했다. 각 상품에는 명탐정 코난에 등장하는 캐릭터를 그려 넣은 80종의 띠부씰을 넣어 팬들의 수집 욕구를 높였다.

CU는 △명탐정 코난 리본젤리.."
"크래프톤, 서울 성수동에 PNC 2023 팝업 스토어 오픈","PNC,크래프톤,경기,이스포츠","크래프톤,서울,성수동,PNC,팝업,스토어,오픈,크래프톤,펍지,네이션스,PNC,개최,서울,성수동,PNC,팝업,스토어,17일,운영,스토어,서울,성수동,테이스트앤드테이스트,플래그십,오픈,팝업스토어,PNC,개최,기념,콜라보,메뉴,PNC,굿즈,PNC,메뉴,콜라보,수류탄,스테이크,아란치니,에이드,보급,상자,블루레몬,에이드,수박,구성,메뉴,테이스트앤드테이스트,PUBG,배틀그라운드,영감,요소,메뉴,적용,콜라보,메뉴,주문,PNC,스티커,PNC,반팔,티셔츠,PNC,기념,PNC,타올,응원,PNC,굿즈,현장,비치,부스,특별,포토,기념사진,촬영,가능,크래프톤,PNC,굿즈,구매,고객,크래프톤,리유저블백,증정,경품,이벤트,인증샷,팝업,스토어,방문,인증,필수태그,pubgesports,tasteandtaste.kr,인스타그램,스토리,업로드,종료,팝업,스토어,운영,추첨,아이템,배틀그라운드,PNC,번들,메가,테이스트앤드테이스트,식사,증정,PNC,대회,배틀그라운드,이스포츠,선수,소속팀,각자,국가,대표,실력,대회,국가,대항전,방식,PNC,15일,17일,3일,진행,하루,매치,경기,콜로세움,상암,아프리카,유관중,진행,공식,채널,세계,온라인,예정","크래프톤은 '펍지 네이션스 컵 2023(PNC 2023)' 개최를 맞아 서울 성수동에서 PNC 2023 팝업스토어를 17일까지 운영한다.

서울 성수동 테이스트앤드테이스트 플래그십 스토어에 오픈한 팝업스토어에서는 PNC 2023 개최를 기념하는 다양한 콜라보 메뉴와 PNC 2023 굿즈를 만나볼 수 있다.

PNC 2023 콜라보 메뉴는 △이겼닭 치킨 .."
"신예 규빈, 다듀 개코 지원사격 속 프리 데뷔곡 공개","THAMA,규빈,아메바컬쳐","신예,규빈,지원사격,공개,다듀,개코,지원,사격,프리,데뷔곡,가수,규빈,개코,다이나믹,듀오,지원사격,데뷔곡,번째,프리,규빈,번째,프리,데뷔곡,스타트,샤인,Shine,실력,비주얼,뮤지션,정식,데뷔,가요,주목,신예,번째,프리,데뷔곡,스타트,샤인,그루비,알앤비,다이나믹,듀오,개코,THAMA,아메바컬쳐,간판,아티스트,참여,완성도,시절,자신,규빈,작사,작곡,참여,신곡,시작,사랑,노래,번째,프리,데뷔곡,낙서,사랑,위로,특징,규빈,목소리,베테랑,여유,리드,개코,조화,만남,사랑,10대,남녀소소,사랑,감정,음악,스펙트럼,매력적,음색,바탕,원슈타인,개코,다이나믹,듀오,콜라보,음원,규빈,밴드,밴드,보컬,김종완,프로젝트,번째,콜라보,공개,데뷔,내년,정식,박차,예정,규빈,Shine,번째,콜라보,프로젝트,싱글,음원사이트,정오,각종,온라인,음원,사이트,감상","가수 규빈이 다이나믹 듀오 개코의 지원사격 속 두 번째 프리 데뷔곡을 발표한다.
6일 규빈은 두 번째 프리 데뷔곡 ‘스타트 투 샤인(Start To Shine)’을 발표한다. 그는 실력과 비주얼 모두를 갖춘 10대 뮤지션으로 정식 데뷔 전부터 가요계의 주목을 받고 있는 신예다. 
두 번째 프리 데뷔곡 ‘스타트 투 샤인’은 그루비한 알앤비 곡으로 다이나믹.."
"CU, 예년보다 두 달 앞당겨 핫팩 출시","BGF리테일,CU,사회복지법,연탄은행","CU,예년,핫팩,출시,확보,사전,재고,고객,편의,전략,사회,복지,법인,연탄,은행,콜라보,제품,편의점,CU,예년,달가량,방한,용품,핫팩,출시,7일,일교차,코로나,엔데믹,등산,캠핑,낚시,골프,외부,활동,사람들,사전,재고,확보,소비자들,편의,전략,CU,핫팩,사회복지법인,연탄은행,콜라보,제품,특대형,포켓형,패치,최대,시간,70도,전민준,BGF,리테일,생활,용품,MD,날씨,변화,방한용품,사람들,핫팩,출시,예년,진행","편의점 CU는 예년보다 두 달가량 앞당겨 방한 용품인 핫팩을 출시한다고 7일 밝혔다. 
 
일교차가 커지고 특히 코로나 엔데믹 이후 등산, 캠핑, 낚시, 골프 등 외부 활동을 하는 사람들이 부쩍 늘어나고 있어 사전재고 확보로 소비자들의 편의를 돕는다는 전략이다. 
 
CU가 이번에 선보이는 핫팩은 사회복지법인인 연탄은행과 콜라보한 제품이다. 특대형, 포.."
[Trend] 호텔로 너구리 한 마리 몰고 가세요~!,"글래드,서울 지역,아트토이,농심","호텔,너구리,마리,호캉스,너구리,남산,글래드,호텔,농심,패키지,너구리,라면,글래드,출시,글래드,호텔,너구리,남산,오픈,기념,농심,굿즈,제공,패키지,콜라보,상품,너구리,라면,글래드,10월,너구리,라면,글래드,패키지,편안,베딩,객실,1세트,농심,굿즈,제공,굿즈,세트,소재,활용,1개,신라,리유저블백,K-,너구리,큰사발면,개성,아트토,디자인,서커스보이밴드,신라면,콜라보,굿즈,신라,서커스보이,밴드,콜라보,피규어,요리,너구리,라면,너구리,너구리,캐릭터,스티커,구성,지점,선착순,대상,N서울타워,남산타워,전망대,이용권,1매,2인,너구리,남산,메뉴,30%,할인권,제공,서울,지역,글래드,호텔,글래드,여의도,글래드,마포,코엑스센터,글래드,강남,이용,가능,가격,13만,세금,별도,이외,10월,글래드,호텔,농심,콜라보,패키,지명,퀴즈,SNS,이벤트,진행,친구들,소환,자랑,당첨,확률,당첨자,글래드,호텔,공식,인스타그램,참여방법,글래드,호텔,gladhotels,제주,메종,글래드,maisonglad,농심,nongshim,계정,공식,인스타그램,팔로우,한후,이벤트,게시물,글래드,패키지명,기재,댓글,글래드,호텔,마케팅,관계자,이색,경험,중요,생각,MZ,세대,고객,농심,캐릭터,너구리,글래드,호텔,특별,호캉스,상품,기획,글래드,호텔,편안,호캉스,혜택,농심,굿즈,남산,가을,나들이","“호캉스와 함께 즐기는 너구리 남산라면” 
글래드 호텔 X 농심, ‘너구리 라면가게 in 글래드 패키지’ 출시
글래드 호텔은 ‘너구리 남산라면가게’ 오픈을 기념하여 다양한 농심 굿즈를 제공하는 콜라보 상품 ‘너구리 라면가게 in 글래드 패키지’를 10월29일(일)까지 선보인다. ‘너구리 라면가게 인 글래드 패키지’는 편안한 베딩 시스템의 객실 1박과 함.."
"디딤이앤에프, 연안식당X팔도 콜라보 ‘비빔꼬막장’ 마켓컬리 론칭","매경닷컴,서베,마켓컬리,디딤이앤에프","디딤이앤에프,연안식당X팔,콜라보,비빔꼬,막장,마켓,컬리,론칭,디딤이앤에프,글로벌,외식,기업,연안식당,자사,브랜드,연안,식당,팔도,상품,협약,6일,콜라보,상품,마켓,컬리,플랫폼,출시,콜라보,상품,연안식당,팔도,대표,메뉴,비빔꼬막장,새꼬막,연안식당,꼬막,팔도,시그니처,양념,팔도비빔장,콜라보,비빔꼬막장,해동,소면,연안식당,재현,디딤이앤에프,제품,신규,소비자,입맛,만족,회사,관계자,팔도,협업,시장,존재,조합,상품,고객들,선사,지속적,RMR,상품,강화,요리,간편식,7월,연안식당,간편식,연안,식당,부추꼬막장,달래꼬막장,인증,블루,리본,서베이,블루,리본,서베이,2005년,발행,레스토랑,가이드북,팔도비빔면,출시,17억,판매,점유율,비빔면,시장,점유,절반,2023년,브랜드,대상,선정,이상규,매경닷컴","글로벌 외식기업 디딤이앤에프는 자사 브랜드 연안식당이 팔도와의 상품개발 협약을 맺었다고 6일 밝혔다. 콜라보 상품은 마켓컬리 플랫폼에 출시된다.
이번 콜라보 상품은 연안식당과 팔도의 대표 메뉴를 합쳐 만든 ‘비빔꼬막장’이다. 국내산 새꼬막으로 만든 연안식당의 ‘꼬막’과 팔도의 시그니처 양념인 ‘팔도비빔장’을 콜라보했다. 비빔꼬막장을 해동해 밥, 소면 등.."
"""강아지랑 만두 먹자 "" 하림펫푸드, 더미식 교자와 '더리얼 만두' 선봬","더미식,하림펫푸드,멍치킨","강아지,만두,하림펫푸드,더미식,교자,만두,선봬,하림펫푸드,더미식,교자,출시,하림펫푸드,제공,하림펫푸드,더미식,교자,반려견,강아지간식,만두,출시,9일,하림펫푸드,100%,휴먼,그레이드,합성,보존료,슬로건,더리얼,반려,동물,사료,출시,만두,더미식,교자,콜라보,더미식,교자,모양,100%,휴먼,그레이드,강아지,간식,사료,원료,식재료,닭가슴살,양배추,시금치,당근,만두피,물결모양,사람,만두,동일,경험,반려견들,제공,더미식,교자,콜라보,패키지,디자인,적용,카테고리,년간,반려,동물,중요,키워드,휴머니제이션,인간화,반려동물,사람,동일시,현상,먹거리,사람,반려동물,동일시,현상,하림펫푸드,사람,반려동물,기준,동일,적용,원료,식품용,사용,식품수준,관리,제조시설,휴머니제이션,지지,마케팅팀장,하림펫푸드,이은아,마케팅,팀장,펫휴머니제이션,철학,100%,휴먼그레이드,바탕,식품,브랜드,지속적,콜라보,유니자장면,용가리,멍치킨,만두,출시,사랑,반려견,간식,즐거움,사람들","하림펫푸드가 더미식 교자와 함께 출시한 '더리얼 만두'. 하림펫푸드 제공 
 
 
[파이낸셜뉴스] 하림펫푸드는 ‘더미식 교자’와 손잡고 반려견을 위한 강아지간식 ‘더리얼 만두’를 출시한다고 9일 밝혔다. 
 
하림펫푸드는 ‘100% 휴먼그레이드, 합성보존료 0%’이라는 슬로건으로 지난 2017년 반려동물사료 ‘더리얼’을 출시한 바 있다. 
 
이번에 선.."
"김태욱 ‘롬앤’ 팝업스토어, 1만명 넘게 몰렸다","산리오캐릭터즈,아이패밀리에스씨","김태욱,롬앤,팝업스토어,1만,회장,가수,출신,사업가,김태욱,론칭,롬앤,아이,패밀,리에스,글로벌,코스메틱,브랜드,팝업스토어,반응,롬앤,산리오,팝업,스토어,7일,서울,여의도,더현대서울,대기,인원,만큼,행사,롬앤,1년,준비,산리오캐릭터즈,협업,일환,캐릭터,산리오,대표,쿠로미,마이멜로디,자기애,콘셉트,진행,론칭,롬앤,코스메틱,브랜드,콜라보,장인,만큼,시도,성공,모델,빨강,머리앤,빨강머리,콤플렉스,위로,캠페인,메시지,전달,라인프렌즈,콜라보,잠재력,응원,캠페인,운영,콜라보,산리오,캐릭터즈,캐릭터,성격,응원,자기애,메시지,소비자,공감,매출,콜라보,성과,달성,롬앤,콜라보,준비,브랜드,소비자분들,진심,고민,행사,준비,롬앤,브랜드,제품,즐거움,기쁨,위로,용기,전달,소비자,브랜드,성장,최선,아이패밀리에스씨,매출액,영업,이익,순이익,기록,공시,매출액,영업이익,순이익,전년,동기,대비,68%,,154%,,148%,증가,직전,분기,대비,12%,,9%,,증가,수치,1분기,최대,분기,실적,경신","가수 출신 사업가 김태욱 회장이 론칭한 아이패밀리에스씨 글로벌 코스메틱 브랜드 ‘롬앤’이 팝업스토어를 열어 뜨거운 반응을 모았다.
롬앤X산리오 팝업스토어가 지난 달 31일부터 8월 6일까지 7일간 서울 여의도 더현대서울 1층에서 열린 가운데, 1일 1000명이 넘는 대기 인원이 몰릴 만큼 대성황을 이뤘다.
이번 행사는 롬앤이 1년 가까이 준비한 산리오캐.."
캐릭터 상품서 문구까지 '어린이 아지트' 된 편의점,"CU,산리오캐릭터즈,세븐일레븐,GS25","캐릭터,상품,문구,어린이,아지트,편의점,전년,GS25,문구매출,176%,편의점,캐릭터,상품,문구류,취급,어린이들,초반,어린이,아지트,업계,편의점,편의점,매출,편의점,매출,차지,비중,증가,편의점,Z세대,트렌드,캐릭터,상품,GS25,취급,산리오,미니언즈,카카오,문구,제품,매출,증가,기준,전년,동기,대비,176.4%,GS25,관계자,1020세대,겨냥,구색,상품,편의점,근처,캐릭터,문구,구매,10대,모습,설명,편의점,CU,캐릭터,상품,10대,매출,비중,차지,매출,비중,3.0%,5.5%,CU,짱구,원피스,코난,쿠키런,꽃카,캐릭터,시리즈,출시,간편식,냉장,가정,HMR,출시,상품,짱구,콜라보,인기,CU,관계자,3개월,7~9월,매출,짱구,시리즈,출시,초기,대비,65.1%,기준,냉장,밀키트,판매,순위,짱구,참치마요덮밥,1위,차지,1~5위,짱구,캐릭터,콜라보,상품,설명,CU,뽀로로,애니메이션,북극곰,캐릭터,포비,포비빅,확장판,캐릭터,콜라보,출시,세븐일레븐,산리오캐릭터즈,디자인,과자,세븐셀렉트,PB,산리오캐릭터즈,인기,출시,반응,매출,대비,80%,증가,세븐일레븐,글로벌,캐릭터,기업,산리오,계약,정식,라이선스,브랜드,콜라보,아트워크,시리즈,세븐카페,여행,캐리어,과일,카테고리,출시,2월,산리오,소형,캐리어,출시,열흘,10만,판매,인기","편의점이 캐릭터 상품과 문구류 등을 다양하게 취급하면서 10대 초반 어린이들의 아지트로 거듭나고 있다. 
 

 15일 편의점 업계에 따르면 최근 편의점 전체 매출에서 10대 매출이 차지하는 비중이 증가하고 있는 가운데 편의점들이 Z세대의 트렌드에 맞춘 캐릭터 상품들을 선보이고 있다. GS25가 취급하고 있는 산리오 미니언즈 카카오 등 문구제품 매출은 .."
락토핏X망그러진곰 미니 에코백 한정판 출시,"올리브영,카카오,성원,피크닉세트,에디션,칸타월드패널,MZ,한정판,맘키즈","락토핏X,미니,에코백,한정판,출시,종근당건강,락토핏,MZ,세대,사이,인기,캐릭터,콜라보,제품,올리브영,단독,출시,출시,락토핏,한정판,에디션,가을철,나들,시즌,캐릭터,스페셜,패키지,미니,에코백,구성,제품,박스,내부,스틱,일러스트,전면,삽입,구매,순간,섭취,기분,경험,선사,소장가치,굿즈,한정판,의미,제공,미니,에코백,남녀노소,실용성,제품,가을,나들이,나위,굿즈,락토핏,골드,에디션,올리브영,재고,소진,판매,조기종료,예정,락토핏,카카오선물,콜라보,기획,세트,출시,나들,시즌,출시,피크닉세트,출시,당일,대비,일일,판매액,2,000%,상승,세간,이목,집중,업계,인지도,선호도,고객,만족도,측면,1등,차지,칸타월드패널,그랜드슬램,달성,락토핏,컬래버,건강,식품,업계,바람,락토핏,진행,피크닉매트,콜라보,맘키즈,고객,MZ세대,반향,성원,보답,콜라보,기획,맘키즈,MZ세대,즐거움,대한민국,대표,유산균,브랜드,콜라보레이션,유산균,소비문화,락토핏,미래",종근당건강의 ‘락토핏’이 MZ세대 사이에서 인기 있는 ‘망그러진곰’ 캐릭터와의 콜라보 제품을 올리브영에 단독으로 출시한다. 이번에 출시되는 락토핏 X 망그러진곰 한정판 에디션은 가을철 나들이 시즌을 맞아 캐릭터가 들어간 스페셜 패키지와 미니 에코백으로 구성됐다. 특히 제품 박스부터 내부 스틱 포까지 망그러진곰 일러스트를 전면 삽입하여 구매하는 순간부터 ..
"브리타, `여행에미치다` 손잡고 지속가능 힐링여행 제안","여행에미치다,제주","브리타,여행,제안,지속,가능,힐링,여행,브리타,대표,여행,커뮤니티,미디어,여행,콜라보,브리타,정수기,청정,제주,협업,콘텐츠,공개,25일,브리타,여행,청정,자연,쓰레기,지속,가능,여행,협업,기획,제주,정경,일상,활용,브리타,정수기,집중,조명,배출,플라스틱,생수병,여행,가치소비,욕구,콘셉트,협업,콘텐츠,제주,달살이,여행자,일상,시장,제철,식재료,브리타,정수,활용,식사,텀블러,브리타,정수,준비,오름,산책,브리타,해변,피크닉,차박,브리타,정수기,지속,가능,라이프스타일,콜라보,일환,브리타,정수기,체험,이벤트,진행,추첨,20명,브리타,프리미엄,정수기,스타일,XL,증정","브리타는 국내 대표 여행 커뮤니티 미디어 '여행에미치다'와 콜라보로 '브리타 정수기와 함께하는 청정 제주 한 달 살기' 협업 콘텐츠를 공개했다고 25일 밝혔다.



브리타와 여행에미치다는 청정 자연을 지키는 '쓰레기 없는 지속 가능한 여행'을 보여주기 위해 이번 협업을 기획했다. 제주의 정경과 함께 일상 속에서 다양하게 활용되는 브리타 정수기를 집중 .."
"에스알, LG스포츠와 열차-경기관람 연계 협력","에스알,에스알(SR,LG스포츠,국민,SR","에스알,LG스포츠,열차,경기관람,연계,협력,SRT,승차권,야구,상품,관람,패키지,상품,에스알,콜라보,굿즈,제작,운영사,국민,철도,SR,대표,이사,이종국,LG스포츠,열차,경기관람,연계,사업,지역사회,지속,가능,발전,업무,협약,체결,25일,이날,협약식,대표이사,이종국,에스알,대표,이사,대표이사,김인석,LG,스포츠,대표,이사,참석,고객,팬층,확대,연계사업,추진,에스알,LG스포츠,SRT,승차권,야구,관람,결합,패키지,상품,상호,오프라인,광고,매체,활용,확산,광고,협력,이벤트,경품,상호,협찬,콜라보,굿즈,제작,ESG,지속가능,미래,가치,창출,협력사업,협력,계획,대표이사,이종국,에스알,대표,이사,SRT,경전,동해,전라선,운행확대,지역,스포츠팬들,SRT,편리,전국,스포츠경기,관람,LG스포츠,협력,지역사회,지속,가능,발전,노력","SRT 승차권-야구 관람권 패키지 상품 개발, 콜라보 굿즈 제작 등SRT 운영사 국민철도 에스알(SR, 대표이사 이종국)은 LG스포츠와 함께 열차와 경기관람을 연계한 사업을 통해 지역사회와 함께하고 지속 가능한 발전을 위해 지난 22일 업무협약을 체결했다고 25일 밝혔다.



이날 열린 협약식에는 이종국 에스알 대표이사와 김인석 LG스포츠 대표이사 등.."
"'망그러진곰' 왔다 우리카드, 한정판 디자인 플레이트 출시",우리카드,"우리카드,한정판,디자,플레이트,출시,우리카드,인기,캐릭터,콜라보,한정판,디자인,출시,4일,콜라보,지난달,출시,에브리원,카드,의정석,디자,2종,추가,내년,1년,발급,가능,한정판,디자인,카드,플레이트,상품안내장,배송,세트,에디션,카드,혜택,카드,의정석,에브리원,동일,디자인,우리카드,고객,선호도,조사,투표,엄선,4월,인스타그램,계정,콘셉트,디자,선호도,조사,진행,3만,참여,게시,2만,달성,1,차지,행운망곰,대왕망,2만,2만,투표,최종,선정,콜라보,디자,출시,기념,이벤트,진행,카드,발급,선착순,고객,카드,수령,2매,한정판,스티커,내달말,인스타그램,우리카드,공식,wooricard,팔로우,캐릭터,인스타그램,게시,고객,10명,추첨,쿠션,스페셜,굿즈,증정,카드,의정석,에브리원,연회비,1만,우리카드,관계자,MZ세대,인기,캐릭터,콜라보,카드,출시,고객,확대,혜택,디자인,충족,카드,출시,예정,관심,부탁","[머니투데이 황예림 기자] 
우리카드가 인기 캐릭터 '망그러진곰'과 콜라보한 한정판 디자인을 출시했다고 4일 밝혔다.

이번 콜라보로 지난달 출시한 신상품 '카드의정석 에브리원'에 망그러진곰 디자인 2종이 추가됐다. 내년 8월말까지 1년간 발급 가능한 한정판 디자인이며 카드 플레이트뿐만 아니라 상품안내장, 배송 세트까지 망그러진곰 에디션으로 받아볼 수 .."
락토핏 콤보에 샘플키트까지 락토핏xCGV 콜라보 캠페인 시작,"CGV,종근당","락토핏,콤보,샘플키트,락토핏,xCGV,콜라보,캠페인,시작,종근당건강,락토핏,유산균,브랜드,멀티플렉스,영화관,CGV,협업,21일,2주,락토핏,콤보,판매,CGV,종근당건강,협업,건강,식품,업계,타사,콜라보,종근당,건강,모델,락토핏,발탁,박서준,신작,할리우드,출연,마블스,개봉,콤보,계획,락토핏,콤보,팝콘,사이즈,사이즈,음료,락토핏,골드,샘플,키트,2포,구성,2인,세트,락토핏,브랜드,노란색,팝콘,포인트,색상,활용,특징,락토핏,콤보,구매,소비자,혜택,온라인,프로모션,온라인,프로모션,구성품,콤보,락토핏,샘플키트,QR,촬영,확인,QR,촬영,발급,시크릿,쿠폰,종근당,공식몰,등록,혜택,락토,제품,할인,제공,종근당,건강,관계자,박서준,락토핏,모델,개봉,신규,영화,영화관,락토핏,락토핏,콤보,준비,브랜드,시도,도전적,마케팅,화제성,세일즈,마리,토끼,종근당건강,CGV,콜라보,상품,락토핏,콤보,매장,전국,CGV,구매","종근당건강의 유산균 브랜드 락토핏이 국내 멀티플렉스 영화관 CGV와 협업하여 11월 8일부터 21일까지 2주간 ‘락토핏 콤보’를 판매한다. CGV와 종근당건강의 협업은 건강기능식품 업계 최초 타사와의 콜라보이며, 종근당건강은 지난 5월 락토핏 모델로 발탁된 박서준의 할리우드 출연 신작 “더 마블스”의 개봉에 맞춰 락토핏 콤보를 선보일 계획이다. 
 
 .."
"포스코, 기업 광고도 바꿨다..""판타지와 철이 만나 판타스틸""","wi,넥슨,유튜브,그린스틸,포스코,포스코TV","포스코,기업,광고,판타지,판타스틸,넥슨,콜라보,이색,광고,전국,극장,온라인,플랫폼,공개,최고,품질,포스코,철강,제품,등장,게임,판타지,접목,스토리텔링,2030세대,철강,이해,포스코,공개,판타스틸,철기,시대,서막,광고,장면,포스코,제공,포스코,공개,판타스틸,철기,시대,서막,광고,장면,포스코,제공,포스코,광고,게임업체,콜라보,광고,세대,철강,취지,넥슨,협업,광고,공개,8월,이틀,16일,조회수,이날,포스코,판타스틸,콜라보,광고,철기시대,서막,전국,극장,플랫폼,온라인,동영,공개,광고,넥슨,게임,회사,협업,포스코,콜라보,광고,세대,공감,세련,영상미,특징,평화,인류,가치,임팩트,평가,광고,슬로건,판타스틸,FANTASTEEL,판타지,Fantasy,Steel,합성어,포스코,선포,Better,World,Green,Steel,비전,슬로건,세대,눈높이,광고,슬로건,재해석,하정진,포스코,커뮤니케이션,그룹장,철강,미래세대,판타지,세상,Better,World,의미,광고,포스코,자체,제작,영상,게임,시네마틱,넥슨,프라시아,전기,결합,프레임,중세,시대,판타지,배경,포스코,철강제품,게임,아이템,등장,초고,강도,강판,기가스틸,강도,경량화,이종,소재,결합,멀티머티리얼,내식,우수,포스맥,불연,컬러,강판,영하,극저온,우수,강도,유지,고망간강,철강제품,전투,아이템,접목,포스코,제품,우수성,강조,광고,유튜브,포스코,TV,SNS,채널,포스코,채널,특성,티저,본편,풀스토리,포함,장편,영상,포맷,제작,영화관,상영,분량,장초수,長秒數,광고,극장,화면,시청,제작,영상미,일상,게임,세대들,각광,후속편,광고,후속,포스코,마스터,브랜드,Greenate,그리닛,수소환원제철,포스코,노력,탄소,중립,추진,의지,후속,판타스틸,그린스틸,미래,리딩기업,철강,리딩,기업,위상,계획,콜라보,광고,공개,기념,이벤트,게임,플레이어,프라시아,전기,게임,진행,이벤트,판타스틸,제전,참여,미션,수행,파편,포스코,판타스틸,보상,아퀴,성장,초기,주문서,배지,포스코,판타,스틸,게임,아이템,제작","넥슨과 첫 콜라보 이색광고 내보내 
전국 극장, 온라인 플랫폼에 공개 
최고 품질 포스코 철강 제품 등장 
게임 판타지와 접목해 스토리텔링 
""2030세대들이 철강 더 쉽게 이해"" 
 
 포스코가 14일 공개한 '판타스틸-신(新)철기 시대의 서막' 광고의 한 장면. 포스코 제공 
 포스코가 14일 공개한 '판타스틸-신(新)철기 시대의 서막' 광고의 한 .."
"e편한세상, 덴마크 프리미엄 리빙 브랜드 `프리츠한센`과 콜라보","유니트,e편한세상,DL이앤씨,인천도시철도,천호역","e편한세상,프리츠한센,덴마크,프리미엄,리빙,브랜드,콜라보,e편한세상,대한민국,대표,아파트,브랜드,역사,덴마크,리빙,브랜드,프리츠한센,스페셜,콜라보레이션,진행,분야,최고,브랜드,시장,리드,2개,브랜드,특별,제안,준비,만큼,업계,이목,DL이앤씨,콜라보,소비자들,e편한세상,주거,공간,프리츠한센,가구,일상,특별,프리미엄,라이프,스타일,경험,선사,계획,DL이앤씨,콜라보,진행,프리츠한센,덴마크,설립,전통,국제적,명성,디자,브랜드,가구,조명,시장,인테리어,제품,프리츠한센,디자인,우수,품질,장인,정신,모던,북유럽,라이프,스타일,아르네,야콥센,케홀름,세실리에,만즈,한스,웨그너,피에로,리쏘니,세계적,작가,디자이너,건축가들,지속적,협업,브랜드,콜라보,9월,분양,예정,프레스티지원,강동,웰카운티,검단,단지,주택전시관,유니트,소파,테이블,의자,조명,프리츠한센,제품들,대표,리빙,제품,전시,편한,세상,주택,전시관,방문,고객들,단지,구조,세대,평면,디자인,마감재,프리미엄,가구,트렌드,리빙,인테리어,감상,특별,기회,제공,예정,오픈,주택,전시관,프리츠한센,홍보,부스,마련,방문객들,브랜드,제품,상담,안내,제공,한세상,고객,특별,혜택,제공,일환,프리츠한센,바우처,스페셜,할인,증정,계획,의미,DL,이앤,관계자,프리츠한센,콜라보,한국,사람들,거주,공동주택,주택전시관,최고,리빙,브랜드,가구,전시,구조,평형,거주자,취향,가치관,가구,소품,공간,감성,라이프스타일,변화,e편한세상,프리츠한센,제안,공간,프리미엄,주거,트렌드,리빙,인테리어,경험,e편한세상,프리츠한센,지속적,협업,분양,단지,콜라보,소비자들,프로그램들,진행,계획,협업,주택전시관,프리츠한센,가구,프레스티지원,강동,9월,분양,예정,서울,강동구,천호동,일원,천호,구역,주택,건축,정비사업,공급,단지,지하철,8호,지하철,5,,천호역,반경,450m,위치,도보,8분,이용,가능,입지,더블,역세,천호공원,한강공원,도보,600m,공세,입지,지역,경쟁력,시설,고급,커뮤니티,적용,AI주차유도시스템,적용,주차,편리,제공,의무,설치,기준,5%,2배,전기차,충전,시설,마련,지하,지상,25층,8개,가구,규모,조성,전용,44~84,263가구,일반분양,DL,이앤,컨소시엄,인천,서구,검단,도시,AA10,1블록,웰카운티,검단,분양,예정,도보권,인천도시철도,101역,검단,연장선,신설역,가칭,개통,예정,25년,역세,입지,개통,환승역,개통,계양역,공항철도,인천지하철,1호,기점,서울,접근,개선,전망,4베,판상,위주,구조,적용,현관,팬트리,평형,주방팬트리,복도팬트리,수납공간,확보,단지,전용면적,국민주택,전용면적,초과,민영주택,구성,지하,지상,25층,14개,테라스,3개,포함,1,458가구,대단지,조성","대한민국 대표 아파트 브랜드 'e편한세상'이 150년 역사의 덴마크 리빙 브랜드 '프리츠한센'과 스페셜 콜라보레이션을 진행한다. 각 분야에서 최고의 브랜드이자 시장을 리드하고 있는 2개의 브랜드가 만나 특별한 제안을 준비한 만큼 업계에 이목이 쏠리고 있다. 



DL이앤씨는 이번 콜라보를 통해 소비자들에게 e편한세상의 주거 공간에서 프리츠한센 가구가 .."
"`자체 개발` 빅데이터로 상권 분석 LGU+, 홈리빙 콜라보매장 문열어","NICE정보통,MZ세대,와디즈,LG유플러스,MMMG","자체,빅데이터,상권,LGU,홈리빙,콜라보,매장,LG유플러스,자체,빅데이터,상권,솔루션,활용,일상,서울시,잠실동,잠실새내점,매장,홈리빙,콜라보,15일,매장,홈리빙,콜라보,MZ세대,제품,셀프,인테리어,인기,디자,와디즈,펀딩,플랫폼,디자,스튜디오,밀리미터,밀리그램,MMMG,협력,오픈,매장,LG,유플러스,통신,여행,캐리어,에스프레소,머신,디자,달력,홈리빙,제품,판매,공간,숍인숍,형태,입점,방식,프로젝트,LG유플러스,자체,빅데이터,상권,솔루션,적용,솔루션,매장,면적,유동,인구,개수,경쟁,업체,상권,NICE정보통신,데이터,카드,매출,주변,상권,소비,연령,방문,시간대,업종,매출,빅데이터,최적,업종,위치,산출,특징,데이터,데이터,동네,분위기,사항,지역,불편,데이터,확인,지역,점장,LG,유플러스,매장,심층,인터뷰,절차,최종,검증,자체,결과,자체,잠실새내점,인구,주변,유동,45.3%,2030세대,집계,패브릭,의류,악세사리,소비량,상품,구매,점포수,부족,조사,LG유플러스,셀프,인테리어,가치,소비,관심,고객,대상,디자인,증심,제품,다수,보유,와디즈,MMMG,협력,결정,설명,LG유플러스,사진,쇼핑,여행,스마트폰,특화,매장,운영,매장,플랫폼,전략,추진,빅데이터,상권,매장,단순,판매,채널,오프라인,플랫폼,발돋움,전략,MX혁신그룹장,이재원,LG,유플러스,MX,혁신,그룹장,데이터,상권,솔루션,상권,고도화,통신,매장,오프라인,플랫폼,진화,속도","LG유플러스는 자체 개발한 빅데이터 상권 분석 솔루션을 활용, 서울시 잠실동 '일상의틈 잠실새내점' 내 홈리빙 콜라보 매장을 열었다고 15일 밝혔다.



홈리빙 콜라보 매장은 MZ세대에게 셀프 인테리어 제품으로 인기를 끄는 디자인 펀딩 플랫폼 '와디즈' 및 디자인 스튜디오 밀리미터밀리그램(이하 MMMG)과 협력해 오픈했다. LG유플러스 통신 매장에 여.."
블랙핑크 제니X타케우치 나오코 스페셜 콜라보 MD 출시,"타케우치 나오코,위버스샵,유니크,아이 러브,더세임,X타케우치 나오코,YG","출시,블랙핑크,제니,타케우치,나오코,스페셜,콜라보,MD,제니,출시,공식,MD,위버스샵,YG,SELECT,시작,예판,세일러문,작가,타케우치,나오코,콜라보,엔터테인먼트,인프라,PLUS,IP,사업,전문,기업,YG,블랙핑크,제니,세일러문,인기,애니메이션,나오코,작가,타케우치,MD,스페셜,콜라보,출시,17일,제니,유앤미,스페셜,싱글,몽환적,신스,감미,보컬,중독성,선사,음원,정식,발매,타케우치,나오코,앨범,아트워크,작업,분위기,배가,화제,제니,유앤미,공식,MD,유앤미,아이,러브,댄싱,문라이트,love,Dancing,moonlight,가사,만월,노래,몽환,감성,특징,MD,기획,관계자,YG,SELECT,티셔츠,스웨트셔츠,쿠션커버,폰케이스,클리어,블랙,아트포스터,구성,유앤미,MD,제니,모습,세일러문,원작자,타케우치,나오코,감각,특징,블랙핑크,유니크,경험,선사,설명,유앤미,공식,MD,17일,2시,위버스샵,중문몰,YG,SELECT,예약,판매,추후,YG,PLACE,인사점,더세임,SameE,합정점,구매,가능",엔터테인먼트 인프라 및 IP 사업 전문기업 YG PLUS는 블랙핑크 제니와 인기 애니메이션 '세일러문'의 작가 타케우치 나오코의 스페셜 콜라보 MD를 출시한다고 17일 밝혔다. 제니의 스페셜 싱글 '유앤미(You & Me)'는 몽환적인 신스에 감미로운 보컬이 더해져 짙은 중독성을 선사하는 곡으로 지난 6일 정식 음원으로 발매됐다. 타케우치 나오코가 직접..
"'푸바오랑 네컷사진을?', 인생네컷 ‘푸바오 프레임’ 내달 31일까지 전국 매장 오픈","에버랜드,판다","푸바오랑,네컷,사진,인생네,푸바오,프레임,내달,오픈,전국,매장,푸바오,매력,바오,패밀리,사랑,모습,공개,프레임,글로벌,셀프,포토,스튜디오,브랜드,인생,푸바오,프레임,내달,전국적,오픈,8일,프레임,푸바오,콜라보,국민적,사랑,에버랜드,푸바오,추억,기회,전국,인생,매장,종류,프레임,촬영,가능,푸바오,디자인,위드,프레임,푸바오,별명들,푸린세스,푸요미,모습,푸바오,아빠,러바오,엄마,아이바오,개인,프레임,제공,바오,패밀리,촬영,가능,프레임,인생네,관계자,푸바오,매력,노력,남녀노소,사랑,푸바오,콜라보,인생네,이용,연령대,고객분들,즐거움,푸바오,프레임,인생네,소식,인생네,공식,인스타그램,확인","글로벌 셀프 포토 스튜디오 브랜드 '인생네컷'이 푸바오 프레임을 내달 31일까지 전국적으로 오픈한다고 8일 밝혔다. 
 
 이번 푸바오 콜라보 프레임은 전 국민적으로 사랑을 받고 있는 에버랜드의 판다, 푸바오와 함께 소중한 추억을 남길 수 있는 기회로 전국 인생네컷 매장에서 12월 31일까지 총 8가지 종류의 프레임으로 촬영 가능하다. 
 
 푸바오와 .."
동화 음악회 '퍼플엘리' 공연,국립제주박물관,"퍼플엘리,동화,음악회,공연,국립,제주박물관서,국립제주박물관,관장,박진우,9일,강당,박물관,비아트리오,퍼플엘리,동화,음악회,공연,비아트리오,4명,연주,월드,뮤직,앙상블,클래식,대중음악,콜라보,무대,공연,퍼플엘리,웹툰,형식,퍼플엘리,그림,동화책,원작,소녀,써니,써니,친구,보라색,코끼리,퍼플엘리,세계,여행,이야기,입장료,무료,사전,예약,진행","국립제주박물관(관장 박진우)은 오는 9일 오후 5시 박물관 강당에서 비아트리오의 동화 음악회 '퍼플엘리'를 공연한다.
'비아트리오'는 4명이 연주하는 월드뮤직 앙상블로 클래식과 대중음악의 콜라보를 통해 다채로운 무대를 선보이고 있다.
공연 '퍼플엘리'는 웹툰 형식의 그림 동화책 '퍼플엘리'를 원작으로 소녀 써니와 써니의 친구 보라색 코끼리 퍼플엘리가 세.."
발표 집중하는 이노베이션 솔루션 데이 2023 청중들,"전자신문,AI,한국정보산업연합회","집중,데이,이노베이션,솔루션,청중,한국정보산업연합회,전자신문,주최,이노베이션,솔루션,데이,AI,work-일잘러,AI,work,일잘러,AI,콜라보,주제,서울,서초구,엘타워,청중들,경청","한국정보산업연합회와 전자신문이 주최하는 '이노베이션 솔루션데이 2023'이 'AI for work-일잘러와 AI의 콜라보'를 주제로 17일 서울 서초구 엘타워에서 열렸다. 청중들이 발표를 경청하고 있다.

김민수기자 mskim@etnews.com"
넷마블 '신의 탑: 새로운 세계' 커스텀 PC 출시... 컴퓨존서 300대 한정 판매,"넷마블,컴퓨존,네이버,지포스,AMD,SK하이닉스","넷마블,세계,출시,커스텀,PC,컴퓨존서,한정,판매,넷마블,컴퓨존,전자,제품,전문,쇼핑,플랫폼,협업,PC,세계,콜라보,출시,14일,PC,세계,콜라보,게이밍,최적화,PC,AMD,라이젠,라파엘,7500F,그래픽,카드,Colorful,iGame,지포스,RTX,SSD,Ti,ULTRA,하이엔드급,SK하이닉스,Platinum,M.,NVMe,탑재,게이밍,최적화,파노라믹뷰,강화,유리,케이스,P30,에디션,제작,소장가치,세계,조회수,돌파,네이버웹툰,RPG,수집,애니메이션,원작,그래픽,압도,퀄리티,애니메이션,게임성,전면","넷마블은 전자제품 전문 쇼핑 플랫폼 컴퓨존과 협업해 '신의 탑: 새로운 세계 콜라보 PC'를 출시한다고 14일 밝혔다.

'신의 탑: 새로운 세계 콜라보 PC'는 게이밍에 최적화된 PC다. △AMD 라이젠 5 라파엘 7500F △그래픽카드 Colorful iGame 지포스 RTX 4060 Ti ULTRA △하이엔드급 SSD인 SK하이닉스의 Platinu.."
"시프트업 '승리의 여신:니케', 니어: 오토마타 컬래버 힘입어 일본 매출 1위",,"시프트업,승리,여신,니케,니어,오토마타,컬래버,1위,일본,매출,시프트업,승리,여신,니케,1위,서브컬처,게임,본고장,일본,앱스토어,매출,재탈환,시프트업,레벨,인피니트,서비스,승리,여신,니케,니어,오토마타,컬래버레이션,업데이트,이용자,호응,업데이트,당일,1위,일본,다운로드,상승,여력,4일,매출,순위,8일,업데이트,콜라보,캐릭터,추가,자리,매출,콜라보,앱스토어,대만,북미,최고,순위,기록,매출,지속,흥행,승리,여신,니케,글로벌,출시,10개월,디렉터,유형석,시프트업,시프트업,개발진,니어,오토마타,서브컬처,게임,유저,진심,업데이트,1위,기록,니케,세계적,오랫동안,사랑,IP,운영,최선","시프트업 '승리의 여신:니케'가 서브컬처 게임 본고장 일본 앱스토어 매출 1위를 재탈환했다.

시프트업이 개발하고 레벨 인피니트가 서비스하는 '승리의 여신:니케'는 최근 '니어: 오토마타' 컬래버레이션 업데이트가 이용자로부터 큰 호응을 얻었다. 9월 1일 업데이트 당일에는 일본 다운로드 1위로 상승 여력을 기대하게 했고 4일 차에 매출 3위로 순위를 끌.."
"렛츠런파크 부경, 19 26일 ‘블랙프라이데이’","한국마사회,아메리칸라거,부산경남","렛츠런파크,부경,19,지역,소상공인,참가,업체,부산경남,한국마사회,렛츠런파크,지역,소상공인,연계,깨알이,블랙,프라이데이,행사,시행,행사,19일,26일,11시,5시,렛츠런파크,부산경남,더비랜드,광장,오프라인,할인,판매,형식,진행,행사,지역,소상공인,사회적,기업,상품,가격,구매,상품,모자,액세서리,주얼리,디퓨저,완구,은공예품,아동복,건어물,각종,디저트,품목,한국마사회,인기,캐릭터,깨알이,콜라보,키링,초롱등,머그컵,DIY상품,문구류,의류,제품,판매,우수,품질,상품,깨알,캐릭터,귀여움,콜라보,상품,소비자,마음,예정,판매,제품,깨알,캐릭터,디폼,블럭,우드색칠,달고나,고객,가족,단위,체험행사,동시,진행,26일,주류대상,차례,대한민국,주류,대상,수상,화수브루어리,브루어리,수제,맥주,판매,바닐라스타우트,아메리칸,불멍,유자페일,캘슈,맥주,애호가,인생,맥주,맥주들,렛츠런파크,당일,현장,수제맥주,구매,맥주,가능,사항,공지사항,한국마사회,홈페이지,공지,사항,확인","한국마사회 렛츠런파크 부산경남이 지역 소상공인과 연계해 ‘깨알이와 함께하는 블랙 프라이데이’ 행사를 시행한다.

행사는 오는 19일과 26일 오전 11시부터 오후 5시까지 렛츠런파크 부산경남 더비랜드 광장에서 오프라인 할인 판매 형식으로 진행된다.

행사에서는 지역 소상공인과 사회적기업의 상품을 저렴한 가격에 구매할 수 있다. 상품은 모자, 액세서리, .."
"펄어비스, 검은사막 X 비비고 '검은사만두' 출시","CJ제일제당,검은사만두,검은사막,펄어비스,지마켓,옥션","펄어비스,사막,검은사만두,출시,펄어비스,CJ,제일제당,비비고,이색,콜라보,제품,사만두,사만두,고기,만두,김치,만두,제품,사막,디자인,패키징,35만,개가량,한정,판매,전국,편의점,지마켓,옥션,채널,온라인,유통,구매,가능,제품,구매,사막,제휴,상자,사막,쿠폰,쿠폰,사막,사막,모바일,가능,사용,사막,제휴,상자,사막,이벤트,크론석,무기,가모스,의상,프리미엄,상자,심장,심장,발크스,조언,아이템,제공,사막,모바일,심연,협동,토벌대,입장권,블랙펄,태고,어둠,1개,상자,아이템,1개,펄어비스,사막,모험가,혜택,제공,오프라인,양면,즐거움,확대,유통,업계,콜라보,지속,진행,대륙,사막,신규,대륙,나라,출시,사막걸리,팔도,라면,왕뚜껑,사막,이색,제품","펄어비스가 CJ제일제당 비비고와 함께 이색 콜라보 제품 '검은사만두'를 선보였다.

검은사만두는 기존 비비고 깔끔고기 만두, 진한김치 만두 2가지 제품에 검은사막 디자인을 패키징한 것이다. 35만개가량을 한정 판매한다. 전국 편의점과 지마켓, 옥션 등 온라인 유통 채널을 통해 구매 가능하다.

제품 구매 시 '검은사막 X 비비고 제휴 상자'를 얻을 수 .."
‘피아노 오케스트라’의 웅장한 화음,"사람인,경기아트센터,음악협회,경기필하모닉오케스트라,한국예술종합학교","피아노,오케스트라,화음,내달,7일,페스티벌,경기,피아노,시프,헝가리,거장,연주,즉흥,선곡,아마추어,피아니스트,현역,대표,피아노,거장,사람,언드라시,시프,사진,리사이틀,피아니스트,피아노,오케스트라,피아노,모습,축제,경기아트센터,경기,수원시,기회,피아노,주제,10월,7일,무대,마련,경기,피아노,페스티벌,피아니스트,김대진,한국예술종합학교,총장,예술감독,축제,무대,콘서트,오프닝,피아노,오케스트라,제목,피아노,피아니스트,출연,미국,피아니스트,아서,그린,솔로,연주,1번,쇼팽,발라드,시작,인원,베토벤,교향곡,편곡판,오케스트라,화음,5일,소나티네,마이,페이버리트,피아노,콜라보,공연,차례,소나티네,마이,페이버리트,수원시,음악,협회,공모,선정,일반,아마추어,피아니스트,피아노,입문자,쿨라우,클레멘티,소나티네,규모,소나타,곡들,릴레이,연주,피아노,콜라보,피아니스트,2명,영재,피아니스트,콜라보,무대,마련,생상스,죽음,무도,거슈윈,랩소디,블루,연주,6일,바흐,베토벤,음악,해석자,현역,최고,사람,헝가리,출신,피아노,거장,언드라시,시프,무대,공연,프로그램,사전,공개,유명,시프,공연,즉흥적,선곡,연주,해설,예정,7일,장애인,콘서트,피날레,콘서트,장애인,콘서트,발달,장애인,단원,구성,하트하트,오케스트라,협연,김대진,피아니스트,모차르트,피아노,협주곡,연주,피날레,콘서트,성기선,지휘,경기필하모닉오케스트라,피아노,듀오,신박듀오,풀랑크,피아노,협주곡,협연,피아니스트,임동민,협연,1번,베토벤,피아노,협주곡,마지막,무대,장식","아마추어 피아니스트부터 현역 대표 피아노 거장 중 한 사람인 언드라시 시프(사진)까지, 솔로 리사이틀부터 피아니스트 30명의 ‘피아노 오케스트라’까지 . 피아노의 다양한 모습을 맛보는 축제가 열린다. 경기 수원시 경기아트센터가 ‘모두의 기회, 모두의 피아노’라는 주제로 10월 4 7일 여섯 개의 무대를 마련한 ‘2023 경기 피아노 페스티벌’이다. 피아.."
"한국도공 대전충남본부, 쉬어과자ZONE 운영 큰 호응","쉬어과자,대전충남본부장,교통안전,휴게소장협의회,하레하레,대전충남본부,한국도로공사,경부선,졸리","한국도공,대전충남본부,쉬어,과자,ZONE,운영,호응,한국도로공사,대표,브랜드,사용,협약식,개최,입장,천안삼거리,쉬어과자존,경부선,쉬어,자존,대전충남본부,운영,한국도로공사,고속도,휴게소장협의회,유관기관,교통안전,의식,개선,고속도로,교통안전,업무,협약식,개최,공사,대전충남본부,대표,브랜드인,과자&,제품,휴게소,인기,콜라보,초코파이,딸기파이,마카로니,강냉이,누룽지스낵,5종,쉬어,과자,시리즈,상품,출시,판매,휴게소,일상,캠페인,일상,쉬어과자,ZONE&,확산,고속도로,교통안전,기획,과자,한국도로공사,대전충남본부,자체,졸음,운전,예방,교통안전,브랜드,2022년도,대전,유명,제과점,하레하레,협업,제품,출시,8월,대전충남본부,지역,경부고속도로,휴게소,편의점,설치,운영,쉬어과자ZONE&,고객들,휴게소,이용,고객,반응,박진원,대전충남,본부장,안전,고속도,이용,시설개선,교통안전캠페인,지속적,노력,안전사고,실정,제품,과자,콜라보,고객들,휴식,동시,교통안전,의식,개선","한국도로공사 대표 브랜드 사용 협약식 개최입장, 천안삼거리 등 경부선 7개소 '쉬어과자존' 운영 한국도로공사 대전충남본부가 20일 고속도로 휴게소장협의회 등 유관기관과 교통안전 의식개선을 위한 고속도로 교통안전 업무 협약식을 개최했다. 

공사 대전충남본부 대표 브랜드인 '졸리면 쉬어과자'와 휴게소 인기 제품을 콜라보한 초코파이, 딸기파이.."
하동예술단 총괄운영자에 홍애련씨,"하동예술단,하동군,홍애련","하동예술단,총괄,운영자,홍애련씨,하동군,하동예술단,공연,업무,관장,총괄운영자,홍애련,왼쪽,임명,홍애련,총괄,운영자,대표,대구,현앙상블,예술감독,경기,챔버,여음,예술,감독,역임,예술성,대중성,조화,공연,기획,관객,호평,지도력,피아노,장구,이색적,콜라보,기법,활용,청소년,오케스트라,무대,최우수상,지도자상,수상,경력,소개","하동군은 하동예술단 공연업무를 관장하는 총괄운영자에 홍애련(왼쪽) 씨를 지난 14일 임명했다. 홍애련 총괄운영자는 대구 현앙상블 대표, 경기챔버 여음 예술감독을 역임하며 예술성과 대중성의 조화로운 공연 기획을 통해 많은 관객의 호평을 받아온 것으로 알려졌다. 

군은 “뛰어난 지도력으로 피아노와 장구의 이색적인 콜라보 기법을 활용한 청소년오케스트라 무대.."
"대구 중구청, 중구의회 보조금 및 의정활동비 환수에 난항","문화재단,국민권익위원회,우리복지시민연합,중구의회,구의원,더불어민주당,중구청,의회","대구,중구청,중구,의회,보조금,의정,활동비,환수,난항,중구청,김효린,제재부가금,500여만,고지서,통지,이경숙,상실,의원,의정,활동비,환수기,대구,중구청,중구의회,구의원,부정수급,제재부가금,구의원,구의원,의정,활동비,환수,어려움,국민권익위원회,6월,김효린,국민의힘,지원사업,대구중구도심재생문화재단,공예,주얼리,콜라보,지원,사업,참여,보조금,부정수급,환수,조치,조치,중구청,통보,중구청,제재부가금,포함,부정,수급액,500여만,고지서,통지,입장,공예,주얼리,콜라보,지원,사업,사업,청년,일자리,2018년,지원,사업,대상자,선정,사업자,규정,주장,행정소송,행정심판,염두,주소지,의원직,상실,이경숙,구의원,더불어민주당,의정활동비,수당,환수조치,지지부진,4월,이경숙,구의원,수개월,연락,중구의회,환수조치,안내문,내부,홈페이지,게시,의회,이경숙,구의원,지급,585만,의정,활동비,계좌,송금,반환,공시송달,조치,의정활동비,환수,안내문,반송분,공시송달,공고,기간,만료일,16일,의정활동비,반납,중구,의회,관계자,주소,의정,활동비,환수,안내,독촉장,폐문부재,반송,강제,집행,절차,준비,사무처장,복지,시민,은재식,이경숙,구의원,조치,의정,활동비,환수,조치,입장,능사","대구 중구청과 중구의회가 구의원의 부정수급에 따른 제재부가금, 전 구의원 대한 의정활동비 환수에 어려움을 겪고 있다. 
 
국민권익위원회는 지난 6월28일 김효린 구의원(국민의힘)이 대구중구도심재생문화재단 ‘공예 주얼리 콜라보 지원사업’에 참여하면서 보조금을 부정수급 했다는 것으로 보고 환수조치 조치를 중구청에 통보했다. 이에 중구청은 제재부가금이 포함.."
"대륙의 콜라보 中서 ‘마오타이주×라떼’ 출시, 어떤 맛? [여기는 중국]","빅토리아시크릿,마오타이주,중국,마오타이,마오타이주‧루이싱,마오타,예슈,스타벅스,구이저우마오타이","대륙,콜라보,마오타이주,라떼,출시,중국,중국,스타벅스,프랜차이즈,커피,중국,대표,명주인,마오타이주,합작,음료,출시,관심,루이싱커피,4일,현지시간,공개,신제품,라떼,53도,마오타이,첨가,커피,음료,마오타이,첨가,음료,알코올,도수,0.5도,미성년자,임산부,운전자,사람,경고,안내,마오타이주,장향,백주,대표적,간장,냄새,특유,루이싱커피,신제품,마오타이주,특징,장향라떼,명명,음료,마오타이주,특유,장향,酱香,장향라떼,가격,38위안,한화,6900원,비교,출시,할인,적용,한시적,19원,한화,3450원,구매,현지,매체,음료,출시,관심,루이싱커피,마오타이,협업,제작,장향라떼,쇼핑백,스티커,슬리브,특별세트,중고,플랫폼,정가,가격,판매,콜라보,미래,먹거리,마오타이주,루이싱커피,구이저우마오타이,브랜드,상품,협업,콜라보레이션,출시,판로,개척,겨냥,마오타이,아이스크림,인기,3도,알코올,도수,마오타이,아이스크림,개격,66위안,한화,비교,품절,출시,초기,루이싱커피,협업,적극,활용,루이싱커피,빅토리아시크릿,코코넛,음료,브랜드,예슈,협업,제품,위기,돌파,루이싱,커피,예슈,콜라보,제품,예윈라떼,코코넛,음료,출시,하루,66만,판매,루이싱커피,미국,증시,회계,부정,상장폐지,위기,협업,작업,판로,평가","‘중국의 스타벅스’로 불리는 대형 커피 프랜차이즈가 중국을 대표하는 명주인 마오타이주와 합작한 음료를 출시해 관심이 쏠리고 있다. 
루이싱커피가 4일(이하 현지시간) 공개한 신제품은 기존 라떼에 53도짜리 마오타이 술을 첨가한 커피 음료다. 마오타이 술이 첨가된 음료의 알코올 도수는 0.5도이며, 미성년자나 임산부, 운전자, 술에 민감한 사람은 마시지 .."
패션과 하이퍼팝 콜라보 ‘융복합 전시’,"섬유패션디자인학과,현대,조선대,주안미술관","패션,하이퍼,콜라보,융복합,전시,Industry,김나연,Hyper,주안미술관,Hyper,Industry,회사,물질,현상,개념,토대,설립,가상회사,프로그램,이용,환경,파괴,최소화,가치,융합,작업,진행,주안미술관,패션,하이퍼,음악,콜라보,융복합,전시,Hyper,Industry,주제,전시,작품,김나연,작가,출품,작가,조선대,섬유,패션,디자인,학과,졸업,현대,의상,전통의상,스타일,사이버,펑크,미래지향적,의상,디자인,추구,Hyper,Industry,음악,장르,하이퍼,Hyperpop,템포,진행,고에너지,전자,음악,일종,PC,소리,키치,성질,예술,가치,저하,행위,역설적,형상,작가,작업,성개념,초월,현대,옷차림,앤드로지너스,유니섹스,섹슈얼적,디자인,진행,옷감,패턴,시각디자인,활용,패션쇼,BGM,하이퍼,조화,초점,아티스트,윤여진,하이퍼,하이퍼,음악,작업,패션쇼,pump,음악,타이틀,Dutch,Faceless,연구사,송진주,학예,김나연,작가,작품,의상,미적,추구,일상,필수적,요소,소비,초점,환경,미래지향적,패션,생각,경각심","‘Hyper Industry’라는 회사가 있다. 물질이 아닌 현상, 개념을 토대로 설립된 가상회사로, 3D 프로그램을 이용해 환경 파괴를 최소화하고 미적 가치를 융합하는 작업을 진행한다. 
주안미술관에 들어서면 패션과 하이퍼팝 음악을 콜라보한 융복합 전시를 만날 수 있다. 오는 10월 7일까지 ‘Hyper Industry’를 주제로 열리는 전시에는 김나.."
"탐앤탐스, 다양한 '콜라보 음료 상품' 출시 SNS 호평","탐앤탐스,탐앤펭수,에이드,타깃,아메리카노","탐앤탐스,상품,콜라보,음료,출시,SNS,호평,탐앤탐스,대한민국,커피,문화,선도,커피,프랜차이즈,탐앤탐스,아이들,MZ,알파세대,사랑,펭수,인기,캐릭터,콜라보,가족,상품들,MD,음료,상품,3월,계절감,순차적,탐앤펭수,아메리카노,탐앤펭수,스파클링워터,탐앤펭수,제로,사이다,탐앤펭수,요거트,워터,탐앤펭수,프로틴,구성,상품들,탐앤,펭수,음료,상품,매력,펭수,개성,디자인,타깃층,공략,완성도,음료,구성,SNS,호평,긍정적,브랜드,이미지,구축,탐앤펭수,아메리카노,휴대,보관,330ml,용량,개봉,음용,RTD,음료,HACCP,인증,시설,무균충진,제조,제조,유통기한,장점,탐앤펭수,스파클링워터,플레인,탄산수,에이드,하이볼,칵테일,활용,탐앤펭수,제로사이다,대체,사용,칼로리,슈거,탄산,음료,부담,사이다,특유,만끽,탐앤펭수,요거트,원유,사용,품질,자랑,용량,요거트,음료,유산균,CFU,체내,흡수,저분자,피쉬,콜라겐,함유,마지막,워터,탐앤펭수,프로틴,22g,단백질,22g,1일,영양,성분,기준,40%,충족,고단백,프로틴,음료,WPI,분리유청단백,사용,지방,콜레스테롤,유당,함유량,획기적,복숭아,플레이버,섭취,탐앤탐스,관계자,콜라보,제품,합리적,가격,혜택,예정","‘대한민국 커피문화’를 선도해 온 1세대 커피 프랜차이즈 탐앤탐스가 아이들은 물론 MZ+알파세대에까지 폭넓게 사랑받고 있는 인기 캐릭터 ‘펭수’와의 콜라보를 통해 온가족이 즐길 수 있는 다양한 MD 음료 상품들을 지난 3월부터 계절감에 맞춰 순차적으로 선보이고 있다.
탐앤펭수 아메리카노, 탐앤펭수 스파클링워터, 탐앤펭수 제로사이다, 탐앤펭수 마시는 요거.."
"신예 규빈, 프리 데뷔 프로젝트 플랜 공개...콜라보 3연작 예고","MBN스타,장르,라이브웍스컴퍼니,규빈","신예,규빈,공개,프리,데뷔,프로젝트,플랜,콜라보,예고,정식,데뷔,공개,프리,데뷔,프로젝트,플랜,신인,탄생,예고,신인,가수,규빈,정식,데뷔,프리,데뷔,소속사,라이브웍스컴퍼니,규빈,여고생,정도,보컬,기타,피아노,작사,작사,뮤지션,덕목,신인,평가,반증,국힙원탑,다이나믹,듀오,개코,MZ세대,아이콘,원슈타인,독보적,감성,K-POP,최고,밴드,NELL,보컬,김종완,데뷔,신인,이례적,대한민국,최고,뮤지션들,프리,데뷔,콜라보,프로젝트,싱글,정식,데뷔전,장르,음악적,실력,입증,예고,신인,여자,탄생,시작,규빈,원슈타인,프리,데뷔,콜라보,프로젝트,낙서,번째,싱글,원슈타인,예정,티저,뮤직,비디오,포함,컨텐츠,공개,K-POP,여자,가수,대중,순차적,가요,첫발,예정,프리데뷔,규빈,SNS,공개,테일러,스위프트,Anti-Here,안티,히어,하모니,빌딩,Harmony,Building,커버곡,200만,기록,가수들,유명,가수,대중,관심,화제,프로젝트,플랜,공개,프리,데뷔,규빈,낙서,번째,콜라보,프로젝트,싱글,원슈타인,음원사이트,각종,온라인,음원,사이트,공개,MBN스타","정식 데뷔에 앞서 프리 데뷔 프로젝트 플랜 공개 
대형 신인의 탄생 예고
신인가수 규빈이 정식 데뷔에 앞서 프리 데뷔를 한다.
소속사 라이브웍스컴퍼니에 따르면 규빈은 여고생이라고는 믿기지 않을 정도로 뛰어난 보컬, 기타, 피아노, 작사 및 작사 등 뮤지션이 갖춰야 할 덕목을 모두 갖춘 초대형 신인으로 평가받고 있다.
이를 반증하듯 ‘국힙원탑’ 다이나믹 .."
'캠핑은 느껴보는거야' 롯데百 체험 팝업,"롯데백화점,롯데百,LG,LG전자","캠핑,롯데,체험,팝업,스노우피크,LG,캠핑,용품,경험,롯데백화점,캠핑,팝업,스토어,콜라보,이미지,스노우피크,대표,롯데백화점,캠핑,계절,가을,체험,캠핑,팝업,스토어,캠핑족들,발길,롯데백화점,14일,24일,광장,잠실,롯데월드몰,아트리움,스노우피크,LG전자,콜라보,팝업,이색,캠핑,진행,팝업,테마,Camp,캠핑,취향,공간,구성,상품,이벤트,고객들,캠핑,취향,만족,콘텐츠들,준비,120평,규모,공간,팝업,절반,체험,콘텐츠,스노우피크,캠핑,용품,활용,도심,도심,캠핑,분위기,연출,체험존,LG전자,출시,스탠바이미,포터블,스크린,LG,스탠바이미,활용,불멍,음악,감상,OTT,시청,게임,노래방,체험,텐트,숙박,차박,전용,공간,조성,캠핑,스타일,경험,특징","스노우피크 LG 캠핑용품 경험 
 
 
 롯데백화점과 캠핑 팝업스토어에서 콜라보한 스노우피크 대표 이미지. 롯데백화점이 캠핑의 계절인 가을을 맞아 체험형 캠핑 팝업 스토어를 열어 캠핑족들의 발길을 사로잡는다. 
 
11일 롯데백화점은 14일부터 24일까지 잠실 롯데월드몰 1층 아트리움 광장에서 스노우피크와 LG전자가 콜라보한 이색 캠핑 팝업을 진행한다고.."
"SKT, `이프랜드`서 가상 현실 아이돌 신곡 공개","가나다엔터테인먼트,SK텔레콤,보이그룹,메타버스CO,스포티파이,골든차일드,바카디,이프랜드,스타쉽엔터테인먼트,유튜브,메타,세림,SKT","SKT,이프랜드,가상,현실,공개,아이돌,신곡,SKT,이프랜드,메타버스,플랫폼,가상,걸그룹,보이그룹,콜라보,공개,팬밋업,행사,개최,SK텔레콤,이프랜드,활동,이프랜디스,메타,버스,걸그룹,보이그룹,크래비티,리더,세림,이프,콜라보,신곡,이프,공개,12일,이프랜디스,데뷔,메타,버스,걸그룹,이프랜드,활동,플랫폼,이프랜디스,가나다엔터테인먼트,가온,나라,다솜,3명,가상,아이돌,소속,세림,스타쉽엔터테인먼트,2020년,9인,보이그룹,크래비티,리더,래퍼,이프랜디스,크래비티,세림,이프,플럭,사운드,트로피컬,하우스,워너원,인피니트,골든차일드,인기,그룹,제작,페이퍼플래닛,더웨이브스,소속,바카디,프로듀서,참여,이날,이프랜드,쇼케이스,신곡,공개,팬밋업,행사,앨범,9월,12시,정오,플로,멜론,17곳,음원,서비스,플랫폼,유튜브,뮤직,스포티파이,216곳,글로벌,뮤직스토어,동시,발매,SKT,엔터,산업,협력,시도들,패션,게임,산업,교류,계획,메타버스CO,양맹석,SKT,메타,버스,컴퍼니,이프랜드,엔터테인먼트,게임,분야,협업,콘텐츠,지속적","SKT가 메타버스 플랫폼 '이프랜드'를 통해 가상 걸그룹과 K팝 보이그룹의 콜라보 곡을 공개하고 팬밋업 행사를 개최한다. 



SK텔레콤은 이프랜드에서 활동하는 메타버스 걸그룹 '이프랜디스'가 4세대 K팝 보이그룹 '크래비티'의 리더 세림과 콜라보 신곡 '이프 유'를 공개했다고 12일 밝혔다.



이프랜디스는 지난해 말 데뷔한 메타버스 걸그룹으로, .."
"마르코폴라, 서울패션위크 곽현주 디자이너와 콜라보 런웨이","와이컨셉,MARCO,플라자,런웨이,유니섹스","마르코폴라,디자이너,서울패션위크,곽현주,디자,이너,콜라보,런웨이,윙스풋,대표,황성웅,론칭,유니섹스,캐릭터,브랜드,마르코폴라,MARCO,POLAR,곽현주,디자이너,런웨이,서울패션위크,콜라보,진행,마르코폴라,디자이너,브랜드,디테일,테크닉,배제,기본,어울림,자유,모티브,브랜드,소재,편안,패턴,집중,브랜드,대표,캐릭터,마르코,폴라,표정,캐릭터,MZ세대,소통,DDP,동대문,디자,플라자,진행,서울패션위크,런웨이,디자이너,곽현주,콜라보레이션,아이템,대중들,공개,대표,디렉터,크리에이티브,곽현주,디자이너,디자인,시그니처,프린팅,곽현주,컬렉션,특별,일상,감명,제시,시즌,컨셉,여성,남성,브랜드,마르코,폴라,marco,polar,콜라보,컬렉션,SS,벨벳,토끼,Dream,Velveteen,Rabbit,주제,사막,토끼,로봇,결합,백드롭,전개,사이버틱,몽환적,무드,연출,예정,사이버틱,무드,사이버,캐릭터,마크,폴라,슈즈,착화,모델,워킹,예정,컬렉션,토끼,행복,동화,요정,동화,트렌디,무드,감성,토끼,프린팅,데님업,사이클링,파스텔톤,사랑,엣지,연출,스퀘어,프레임,Quinn,마르코,폴라,캐릭터,슬리퍼,루카,Luca,클래식,무드,제이든,Jayen,컬렉션,테마,영감,제작,특별,슈즈,제품,30분,진행,곽현주,컬렉션,콜라보,행사,자사몰,마르코,폴라,티켓,이벤트,진행,세상,보통,사람들,폴라,브랜드,마르코,온라인,자사몰,무신사,플렛폼,멀티,슈즈,와이컨셉","윙스풋(대표 황성웅)이 새롭게 론칭한 유니섹스 캐릭터 브랜드 마르코폴라(MARCO POLAR)와 곽현주 디자이너가 서울패션위크 콜라보 런웨이를 진행한다.
디자이너 브랜드 마르코폴라는 화려한 디테일이나 테크닉은 과감히 배제하고 기본에서 얻을 수 있는 어울림과 자유로움을 모티브로 하는 브랜드다. 소재 개발과 누구에게나 편안함을 줄 수 있는 패턴에 집중하고 .."
