뉴스 식별자,news_id,news_date,news_date,news_name,news_reporter,news_title,news_content,news_url
7100501.202,7100501,2023.8.14,20230814,전자신문,김신영,"로지텍, 패션 브랜드 '빅웨이브 컬렉티브'와 브랜드 콜라보 진행","로지텍 X 빅웨이브 컬렉티브 한정 패키지
로지텍은 패션 브랜드 '빅웨이브 컬렉티브'와 SSF샵에서 브랜드 콜라보를 진행한다고 14일 밝혔다.

이번 브랜드 콜라보는 여름철 워케이션을 컨셉으로 삼았다. 여행지에서 업무를 진행하고, 여유롭게 휴식도 취하고 싶은 이들을 위해 마련됐다.

콜라보의 일환으로 이달 27일까지 SSF샵 온라인 홈페이지에서 '시그니처 K855' 사무용 무선 기계식 키보드와 '빅웨이브 콜라보 키캡'으로 구성된 ''를 판매한다. 이번 브랜드 콜라보 패키지는 제주도에 위치한 워케이션 공간인 오피스제주 사계점에서 직접 만나볼 수 있다.

조정훈 로지텍 코리아 지사장은 “트렌드를 선도하고 있는 빅웨이브 컬렉티브와 함께 콜라보를 진행하게 되어 매우 기쁘다”고 말했다.


김신영 기자 spicyzero@etnews.com",http://www.etnews.com/20230814000159
7101201.202,7101201,2023.10.18,20231018,디지털타임스,연소연,"컴퓨존, 네오위즈와 `P의 거짓 콜라보 PC` 출시","PC 마켓플레이스 '컴퓨존'과 네오위즈의 최신작 'P의 거짓' 콜라보 상품 AMD, '컬러풀', '잘만테크' 등 다수 브랜드와 협업하여 안정성 확보 PC판 디럭스 업그레이드, 게임 패드, 한정판 굿즈 등 다양한 사은품 증정
디지털 라이프스타일 쇼핑 플랫폼을 지향하는 컴퓨터, 전자제품 전문 쇼핑 플랫폼 컴퓨존(대표이사 노인호)이 게임 개발사 네오위즈(공동 대표 김승철, 배태근)의 최신작 'P의 거짓'과 콜라보한 조립 PC인 'P의 거짓 콜라보 PC'를 50대 한정 수량 판매한다고 18일 밝혔다.



'P의 거짓'은 지난 9월 글로벌 출시 후 한달 만에 누적 판매량 100만장을 돌파할 정도로 높은 인기를 누리고 있는 PC, 콘솔 기반 신작 게임으로, 조립 PC와 'P의 거짓' IP간 콜라보 사례는 이번이 처음이다.



'P의 거짓 콜라보 PC'는 컴퓨존과 네오위즈 양사간 마케팅 협업을 바탕으로 제작된 조립 PC 상품으로, 'P의 거짓' 로고와 캐릭터 이미지 등이 부착된 한정판 케이스를 활용하여 팬심을 자극하는 유니크한 외형을 갖추고 있다.



또한 'P의 거짓'은 AMD 라이젠 프로세서 및 라데온 그래픽카드에 최적화되어 한층 더 우수한 게이밍 퍼포먼스를 발휘하고 있기 때문에, AMD의 '라이젠7 7800X3D' 프로세서와 파워컬러의 'Radeon RX7800XT 레드데빌' 그래픽카드 등 검증된 부품들을 채택하여 고객들이 최상의 게이밍 환경을 경험할 수 있도록 구성됐다.



'P의 거짓 콜라보 PC' 출시에 맞추어 구매자들을 위한 다양한 이벤트도 진행된다. 콜라보 PC 상품을 구매하는 고객들에게는 'P의 거짓 PC판 디럭스 업그레이드'와 XBOX 게임패드가 사은품으로 지급되며, PC를 구매하는 고객들 중 추첨을 통해 21명에게 한정판 굿즈와 티셔츠가 지급될 예정이다.



컴퓨존 관계자는 네오위즈와 함께 구성, 판매하는 콜라보 조립 PC와 관련해 ""'P의 거짓'과 같이 유명한 IP와 제휴 상품을 구성할 수 있게 되어 영광""이라며 ""컴퓨존은 앞으로도 다양한 브랜드와의 제휴를 통해 신선한 구성의 조립 PC를 지속적으로 구성할 것""이라고 밝혔다.



연소연기자 dtyso@dt.co.kr",http://www.dt.co.kr/contents.html?article_no=2023101702109923056004&ref=jeadan
1500501.202,1500501,2023.9.26,20230926,대구일보,윤정혜,"DGB금융, 캐릭터 단똑우와 인스타툰 작가 콜라보","DGB금융그룹은 그룹 대표 캐릭터인 단똑우(단디·똑디·우디)와 인스타툰 작가의 콜라보 콘텐츠를 제작했다.



이번 콜라보 콘텐츠는 인스타툰 캐릭터와 단똑우의 일상생활 속 에피소드를 다루는 스토리로 3회에 나눠 업로드된다. 작가 인스타그램 계정과 DGB금융그룹 공식 계정 ‘선넘는 단똑우’에 업로드된다.

앞서 공개한 1회차 콘텐츠는 강아지·고양이 캐릭터인 ‘몽냥툰’ 작가와 협업했고, 2회차는 27일부터 쿼카·병아리 캐릭터인 ‘개니와 마찌’ 작가와 콜라보 콘텐츠를 선보인다. 3회 차는 10월13일부터 뱁새 캐릭터인 ‘김뱁새’ 작가와 협업한다.

DGB금융그룹은 인스타툰 콘텐츠 제작을 기념해 이벤트도 진행한다. ‘선넘는 단똑우’ 계정을 팔로우하고 게시글에 있는 웹툰 콘텐츠를 감상 후 ‘참여완료’ 댓글을 남기면 추첨을 통해 경품을 증정한다.







윤정혜 기자 yun@idaegu.com",http://www.idaegu.com/newsView/idg202309260071
1100701.202,1100701,2023.8.28,20230828,세계일보,김정환,"쿼시, 카멜커피와 콜라보 진행 한정 패키지 출시","쿼시(Quash)는 ‘한국에서 가장 핫한 카페 브랜드’로 이름을 높이고 있는 “카멜커피” 와 콜라보를 진행한다고 밝혔다.

쿼시와 카멜커피는 전개하고 있는 각각의 청소&위생과 F&B라는 카테고리를 넘어 다양한 프로젝트를 선보여 고객들에게 즐거움을 주는 브랜드라는 공통점을 발견해 이번 콜라보를 진행하게 됐다고 한다.

콜라보 제품은 쿼시 세정 롤티슈로 카멜커피 특유의 클래식하면서 빈티지한 감성을 더해 특별해진 패키지 디자인을 선보인다.

쿼시X카멜커피 콜라보 제품은 각기 다른 디자인 2종으로 한정 판매로 진행된다.

두 브랜드의 콜라보 제품은 8월 29일(화) 쿼시 공식 홈페이지에서만 구매가 가능하며, 카멜커피 매장에도 비치하여 직접 확인할 수 있다고 전했다.

또한 쿼시 공식 인스타그램에도 다양한 콜라보 콘텐츠를 확인할 수 있다


김정환 기자 hwani89@segye.com",http://www.segye.com/content/html/2023/08/28/20230828508491.html
1100201.202,1100201,2023.9.12,20230912,국민일보,박재구,모리셔스브라운-지노베타케어 이색 콜라보 진행 중,"21일 모리셔스브라운 석촌호수점서 콜라보 기념 네이버 라이브 방송
모리셔스브라운-한국먼디파마 ‘지노베타케어’ 콜라보 이벤트. 모리셔스브라운 제공
프리미엄 밀크티 브랜드 모리셔스브라운은 한국먼디파마의 여성청결제 ‘지노베타케어’와 함께 건강을 주제로 한 이너뷰티, 헬시플레저 해시태그 콜라보 이벤트를 진행하고 있다고 12일 밝혔다.

이달 24일까지 진행되는 이번 콜라보는 이벤트 기간동안 모리셔스브라운 밀크티를 구매하고 인스타그램 포스팅에 이너뷰티, 헬시플레저, 모시셔스브라운, 지노베타케어 필수 해시태그 4개를 포함한 음료 사진을 업로드하면 한국먼디파마에서 출시한 여성청결제 ‘지노베타케어’ 1종을 매장에서 바로 받을 수 있다.

앞서 지난달 23일에는 지노베타케어 ‘모이스처라이저’ 카렌듈라 신제품 런칭을 기념한 네이버 라이브 방송을 모리셔스브라운 인천 청라점 현장에서 콜라보 방송으로 진행해 시청자들의 큰 관심을 끌었다.

특히 이달 21일 오전 11시에도 콜라보를 기념해 모리셔스브라운 석촌호수점에서 지노베타케어 고객 감사 네이버 라이브 방송을 진행할 예정이다.

박종원 모리셔스브라운 대표이사는 “모리셔스브라운과 지노베타케어가 함께 하는 이벤트에 많은 분들이 참여해 주셔서 진심으로 감사드린다”면서 “콜라보 이벤트 기간동안 진행되는 다양한 이벤트를 통해 많은 분들에게 건강과 즐거움이라는 경험을 제공해 드리고 싶다”고 말했다.

한편, 모리셔스브라운은 칼슘과 마그네슘 등의 영양성분이 남아 있는 비정제원당과 신선한 우유를 사용해 소비자에게 건강한 밀크티를 제공하고 있다.

한국먼디파마는 1998년에 대한민국에 진출한 다국적 제약회사로 메디폼, 베타딘 브랜드를 비롯해 여성 건강과 관련해 일반의약품인 질염치료제 ‘지노베타딘’, 화장품 카테고리의 여성청결제 ‘지노베타케어’ 라인업을 보유하고 있다.

박재구 기자 park9@kmib.co.kr",https://news.kmib.co.kr/article/view.asp?arcid=0018661097&code=61122011&cp=kd
7100501.202,7100501,2023.9.18,20230918,전자신문,박효주,"반올림피자, 모바일 게임 '고양이와 스프'와 콜라보 프로모션 진행","반올림피자는 힐링 모바일 게임 '고양이와 스프'와 협업 프로모션을 진행한다고 18일 밝혔다.

'고양이와 스프'는 네오위즈가 서비스하는 힐링 방치형 게임으로 고양이들이 스프나 주스, 볶음 등 여러 음식을 만들거나 휴식을 취하는 것을 구경할 수 있다. 고양이의 일러스트와 움직임이 귀여워 큰 인기를 얻으며 누적 다운로드 4800만 을 기록했다.

반올림피자는 이번 '고양이와 스프'와의 콜라보를 기념해 스페셜 메뉴를 선보인다. '고양이와 스프 스페셜 피자'는 반올림고구마피자와 콤비네이션피자, 그리고 치즈링으로 구성된 '고양이 반반피자'와 스페셜 쿠폰 1종이 제공된다. '고양이와 스프 스페셜 세트'는 반올림고구마피자와 콤비네이션 피자, 치즈링으로 구성된 '고양이 반반피자'와 치즈오븐스파게티, 음료 그리고 스페셜 쿠폰 1종으로 구성된다.

스페셜 쿠폰은 이번 콜라보 메뉴를 주문하면 받을 수 있으며 고양이와 스프 게임 속 아이템인 반올림피자 코스튬, 보석 1000개를 받을 수 있다. 또한 전 메뉴를 주문하면 둥둥풍선과 보석 500개를 받을 수 있는 일반 쿠폰을 제공한다. 이어 반올림피자 자사 앱을 통해 콜라보 메뉴를 구매하면 별마카롱 3개, 보석 3000개를 받을 수 있는 앱스페셜 쿠폰을 받을 수 있다. 특히 오늘부터 반올림피자를 주문하면 '고양이와 스프 콜라보 패키지'에 담긴 반올림피자를 만날 수 있다. 이번 콜라보 프로모션은 다음 달 17일까지 진행한다.

이와 함께 반올림피자는 이번 콜라보를 기념해 배달의 민족에서 반올림피자를 주문하면 이날부터 일주일간 최대 5000원을 할인한다.

반올림피자 관계자는 “이번 '고양이와 스프' 콜라보는 요리와 힐링이라는 키워드가 반올림피자가 지향하는 가치와 맞닿아 있어 기획하게 됐다”며 “이번 콜라보 프로모션을 통해 반올림피자와 함께 힐링하는 시간을 갖길 기대한다”고 말했다.

박효주 기자 phj20@etnews.com",http://www.etnews.com/20230918000036
1500601.202,1500601,2023.11.1,20231101,매일신문,김우정,"이디야커피 산리오캐릭터들과 두번째 만남, 시즌2 신제품 출시 및 프로모션 진행"," 2일 ‘산리오캐릭터즈’와 협업한 음료 2종, 스낵 1종, 굿즈 3종, 기프트카드 2종 출시
이디야커피가 2일 글로벌 캐릭터 기업 산리오코리아의 '산리오캐릭터즈'와 협업한 다양한 신제품을 출시한다. 이디야커피 제공
이디야커피가 2일 글로벌 캐릭터 기업 산리오코리아의 '산리오캐릭터즈'와 협업한 다양한 신제품을 출시한다.

이번 콜라보는 지난 6월 뜨거운 호응을 얻었던 이디야커피X산리오캐릭터즈 시즌 1에 이은 두 번째 협업이다. 산리오캐릭터즈를 활용한 음료와 스낵, MD, 기프트카드 등 다양한 콜라보 상품을 선보인다.

이번 콜라보를 통해 새롭게 선보이는 음료는 '쿠로미 데블 초콜릿', '폼폼푸린 골든 슈크림 라떼' 2종으로 산리오캐릭터즈의 컬러감을 담아낸 것이 특징이다. 쿠로미 데블 초콜릿은 묵직한 다크초콜릿에 산뜻한 베리 향을 더하고 휘핑크림 위에 퍼플 초코 소스와 스프링클을 가득 올려 진한 달콤함과 풍성함을 느낄 수 있다.

폼폼푸린 골든 슈크림 라떼는 커스터드와 카라멜향이 조화롭게 어우러진 라떼에 크림과 코코아파우더를 더해 부드럽고 은은한 달콤함을 강조했으며, 에스프레소 샷을 추가하면 원두의 깊은 맛도 함께 즐길 수 있다.

콜라보 음료와 함께 즐기기 좋은 '헬로키티 아이스콘 초코'는 튀기지 않고 오븐에 직접 구운 바삭한 콘에 달콤한 초콜릿을 가득 채운 스낵으로 콜라보 기간 동안 헬로키티 디자인 패키지로 만나볼 수 있다.

계절감을 담은 굿즈 3종도 함께 선보인다. '패브릭 달력'은 포근함을 느낄 수 있는 따뜻한 재질의 달력으로 벽에 부착해서 인테리어 소품으로 활용할 수 있도록 제작했다. '시나모롤 머그'는 고급스러운 질감의 도자기 소재로 만들어졌으며 제품 전면에 시나모롤 캐릭터를 담아냈다. '윈터 블랭킷'은 보드라운 촉감의 담요로 스냅 단추가 달려있어 실용적으로 활용이 가능하다.

산리오캐릭터즈로 아기자기하게 디자인한 기프트카드도 2종으로 선보인다. 충전형 기프트카드로 전국 이디야커피 매장 또는 이디야멤버스를 통해 지속해서 사용 가능하다.

이디야커피는 이번 콜라보를 기념해 산리오캐릭터즈를 활용한 굿즈와 메뉴 교환권 등을 증정하는 다양한 온∙오프라인 프로모션을 진행한다. 2일부터 전국 이디야커피 매장에서 콜라보 음료 구매 시 음료 1잔 당 캐릭터 부적 1장을 제공하고, 산리오캐릭터즈 기프트카드 구매 고객에게는 랜덤 핀버튼을 증정한다.

이디야멤버스 앱에서는 2일부터 8일까지 일주일간 매일 참여 가능한 룰렛 이벤트를 통해 패브릭 달력, 시나모롤 머그, 윈터 블랭킷 등 굿즈와 콜라보 음료 할인쿠폰을 랜덤으로 증정한다. 오는 15일부터 3주간 콜라보 음료를 마시고 경품에 응모한 고객에게는 산리오캐릭터즈 굿즈 당첨의 기회를 제공한다.

이디야커피 공식 홈페이지에서는 2일부터 22일까지 콜라보 음료 2종을 모두 구매하고 적립한 고객 중 100명을 추첨해 굿즈 세트를 증정한다. 2일부터 12일까지 전국 이디야커피 매장에 비치된 산리오캐릭터즈 포토프레임에서 인증샷을 찍어 올린 고객 중 추첨을 통해 다양한 굿즈를 제공한다. 이외에도 요즘 디지털 세대 특성에 맞는 온라인굿즈도 만나볼 수 있다. 이디야커피 홈페이지에서 이디야 전용 드로잉의 산리오캐릭터즈 휴대폰, 워치, 태블릿 배경화면을 무료로 다운받을 수 있다.",https://news.imaeil.com/page/view/2023110114524443728
1500501.202,1500501,2023.8.22,20230822,대구일보,이동현,"대구FC, 스트릿 편집샵 이플릭(EPLC)과 콜라보 ‘대구 티셔츠’ 출시","대구 티셔츠 화보 사진. 대구FC 이용래 선수와 아들 이로한군. 대구FC 제공
프로축구 대구FC가 오는 26일 대구 스트릿 편집샵 이플릭(EPLC)과 콜라보한 ‘대구 티셔츠’를 정식 출시한다.

대구FC와 이플릭의 대구 티셔츠 콜라보는 지난 2019년에 이어 이번이 두 번째다. 최근 팬들의 의견을 반영해 이번 콜라보 제품에는 어린이 팬들을 위한 아동용 티셔츠 사이즈(M, L)가 추가됐다.

이번 대구 티셔츠는 대구FC의 팀 컬러인 하늘색과 창단 연도(2002년) 등을 활용한 심플한 디자인으로 이뤄졌다. 경기장 직관 ‘룩’ 뿐만 아니라 일상에서도 캐주얼하게 소화할 수 있다는 게 특징이다.

대구 티셔츠 출시를 기념해 선보인 화보에서는 가족 모델로 대구FC 이용래 선수와 이용래 선수의 아들 이로한군이 참여했다. 대구 출신 래퍼 조원우와 대학생, 댄서, 프리랜서 모델, 아역 모델 등도 함께 참여하며 의미를 더했다.

대구 티셔츠는 26일 오후 4시부터 대구FC 팀스토어 및 이플릭 온오프라인 스토어(중구 교동)에서 구매 가능하다. 잔여 수량에 한해서는 오는 28일 오후 1시부터 대구FC 온라인스토어에서 판매한다.

한편 대구는 오는 26일 오후 7시 제주를 홈으로 불러들여 K리그1 28라운드 경기를 치른다. 제주전 홈경기는 일반 티켓 예매 오픈 4시간 만인 지난 19일 오후 6시께 원정석을 제외한 홈 응원석 전석이 매진됐다.

대구는 이날 대구 티셔츠 모델로 활약한 이용래 선수를 테마로 한 ‘이용래 데이’, ‘DGB대구은행과 함께하늘 SAVE 데이’ 등 다양한 행사를 진행할 예정이다. 자세한 행사 정보는 대구FC 공식 홈페이지에서 확인 가능하다.







이동현 기자 leedh@idaegu.com",http://www.idaegu.com/newsView/idg202308220061
1100701.202,1100701,2023.11.3,20231103,세계일보,김현주,이디야커피X산리오캐릭터즈 시즌 2 신제품 출시 기념 프로모션,"이디야커피가 오는 2일 글로벌 캐릭터 기업 산리오코리아의 ‘산리오캐릭터즈’와 협업한 다양한 신제품을 출시한다.

이번 콜라보는 지난 6월 뜨거운 호응을 얻었던 이디야커피X산리오캐릭터즈 시즌 1에 이은 두 번째 협업으로 산리오캐릭터즈를 활용한 음료와 스낵, MD, 기프트카드 등 다양한 콜라보 상품을 선보인다.

이번 콜라보를 통해 새롭게 선보이는 음료는 ‘쿠로미 데블 초콜릿’, ‘폼폼푸린 골든 슈크림 라떼’ 2종으로 산리오캐릭터즈의 컬러감을 담아낸 것이 특징이다. 쿠로미 데블 초콜릿은 묵직한 다크초콜릿에 산뜻한 베리 향을 더하고 휘핑크림 위에 퍼플 초코 소스와 스프링클을 가득 올려 진한 달콤함과 풍성함을 느낄 수 있다. 폼폼푸린 골든 슈크림 라떼는 커스터드와 카라멜향이 조화롭게 어우러진 라떼에 크림과 코코아파우더를 더해 부드럽고 은은한 달콤함을 강조했으며, 에스프레소 샷을 추가하면 원두의 깊은 맛도 함께 즐길 수 있다.

콜라보 음료와 함께 즐기기 좋은 ‘헬로키티 아이스콘 초코’는 튀기지 않고 오븐에 직접 구운 바삭한 콘에 달콤한 초콜릿을 가득 채운 스낵으로 콜라보 기간 동안 헬로키티 디자인 패키지로 만나볼 수 있다.

계절감을 담은 굿즈 3종도 함께 선보인다. ‘패브릭 달력’은 포근함을 느낄 수 있는 따뜻한 재질의 달력으로 벽에 부착해서 인테리어 소품으로 활용할 수 있도록 제작했다. ‘시나모롤 머그’는 고급스러운 질감의 도자기 소재로 만들어졌으며 제품 전면에 시나모롤 캐릭터를 담아냈다. ‘윈터 블랭킷’은 보드라운 촉감의 담요로 스냅 단추가 달려있어 실용적으로 활용이 가능하다.

산리오캐릭터즈로 아기자기하게 디자인한 기프트카드도 2종으로 선보인다. 충전형 기프트카드로 전국 이디야커피 매장 또는 이디야멤버스를 통해 지속해서 사용 가능하다.

이디야커피는 이번 콜라보를 기념해 산리오캐릭터즈를 활용한 굿즈와 메뉴 교환권 등을 증정하는 다양한 온?오프라인 프로모션을 진행한다. 2일부터 전국 이디야커피 매장에서 콜라보 음료 구매 시 음료 1잔 당 캐릭터 부적 1장을 제공하고, 산리오캐릭터즈 기프트카드 구매 고객에게는 랜덤 핀버튼을 증정한다.

이디야멤버스 앱에서는 2일부터 8일까지 일주일간 매일 참여 가능한 룰렛 이벤트를 통해 패브릭 달력, 시나모롤 머그, 윈터 블랭킷 등 굿즈와 콜라보 음료 할인쿠폰을 랜덤으로 증정하며, 15일부터 3주간 콜라보 음료를 마시고 경품에 응모한 고객에게는 산리오캐릭터즈 굿즈 당첨의 기회를 제공한다.

이디야커피 공식 홈페이지에서는 2일부터 22일까지 콜라보 음료 2종을 모두 구매하고 적립한 고객 중 100명을 추첨해 굿즈 세트를 증정하며, 2일부터 12일까지 전국 이디야커피 매장에 비치된 산리오캐릭터즈 포토프레임에서 인증샷을 찍어 올린 고객 중 추첨을 통해 다양한 굿즈를 제공한다. 이외에도 요즘 디지털 세대 특성에 맞는 온라인굿즈도 만나볼 수 있다. 이디야커피 홈페이지에서 이디야 전용 드로잉의 산리오캐릭터즈 휴대폰, 워치, 태블릿 배경화면을 무료로 다운받을 수 있다.

이디야커피 관계자는 “지난여름 진행한 콜라보에 보내주신 고객들의 호응에 힘입어 산리오캐릭터즈와 두 번째 협업을 진행하게 됐다”며 “전국 이디야커피 매장에서 콜라보 제품을 즐기시고 다양한 경품 당첨의 행운도 누리시길 바란다”고 말했다.


김현주 기자 hjk@segye.com",http://www.segye.com/content/html/2023/11/03/20231103510080.html
1300201.202,1300201,2023.9.25,20230925,강원일보,김영석기자 kim711125@kwnews.co.kr," [포토뉴스]임계면, ‘2023년 한가위 콜라보 명절음식 지원사업’","임계면 행정복지센터(면장:유병민)가 25일 임계면 복지회관에서 임계면 복지안전망 강화사업 ‘이웃동행’과 정선군종합사회복지관 ‘국한담’ 사업팀과 협력해 2023년 한가위 콜라보 명절음식 지원사업’을 추진해 눈길을 끌었다. 이날 돼지갈비찜, 송편, 모듬전 등으로 구성된 명절 음식은 임계면 내 복지사각지대 25가구에 전달됐다.",https://www.kwnews.co.kr/page/view/2023092510260998575
2100201.202,2100201,2023.9.15,20230915,머니투데이,배한님|기자,"펄어비스, 검은사막X왕뚜껑 콜라보 '왕뚜껑은사막' 출시","/사진=펄어비스
[머니투데이 배한님 기자] 검은사막 쿠폰 동봉된 왕뚜껑 콜라보 제품 1000만개 한정 판매


펄어비스는 자사 게임 검은사막과 팔도의 컵라면 왕뚜껑 콜라보 상품인 '왕뚜껑은사막'을 선보인다고 15일 밝혔다.

왕뚜껑은사막은 왕뚜껑 제품에 검은사막 디자인 패키징을 적용한 콜라보 상품이다. 편의점·대형마트 등 온오프라인 유통 채널에서 약 두 달간 1000만개 한정 수량으로 판매한다. △오리지널 △김치 △짬뽕 3가지 맛으로 즐길 수 있다.

왕뚜껑은사막 구매시 '검은사막X왕뚜껑 제휴 상자' 쿠폰도 얻을 수 있다. 제휴 상자에서는 크론석 5000개·[이벤트] 무기, 의상 프리미엄 상자 10개·가모스의 심장 등 17종 아이템 중 1개를 얻을 수 있다.

한편, 검은사막은 이용자들을 위해 껌·김·샴푸·속옷·녹용 등 다양한 제품과 이색 콜라보를 진행하고 있다. 지난 5월에는 이마트24와 콜라보로 '검은사막걸리'를 출시한 바 있다.",http://news.moneytoday.co.kr/view/mtview.php?no=2023091510580831055&type=2
2100311.202,2100311,2023.10.5,20231005,서울경제,노현섭 기자,"대림바스, 이나피스퀘어와 일러스트 더한 콜라보 제품 선보여","일체형비데?분리형비데 4가지 디자인 출시
대림바스가 크리에이티브 스튜디오 이나피스퀘어와 손잡고 위트있는 일러스트가 더해진 콜라보 제품을 선보인다고 5일 밝혔다.


‘ONLY THE ONES WE LIKE(우리가 좋아하는 것들만)’를 슬로건으로 하는 이번 협업을 통해 대림바스는 이나피스퀘어 특유의 모노톤 드로잉을 가미한 감각적인 욕실 오브제를 탄생시켰다. 블랙과 화이트 색을 활용해 대림바스 상징인 곰 캐릭터를 작가의 재치로 새롭게 표현한 일러스트 등으로 제품을 장식해 고객에게 즐거운 경험을 선사한다는 계획이다.


콜라보 제품은 대림바스 일체형비데(DST-911ART)와 분리형비데(DDS-S1500ART) 2종이며 총 4가지 디자인으로 구성된다. 6일부터 한정 수량으로 대림몰과 리빙 스타일 큐레이션 편집샵 ‘무브먼트랩’의 온라인몰에서 판매한다.


29일까지 서울 용산구에 위치한 ‘무브먼트랩 한남‘에서 대림바스와 이나피스퀘어의 콜라보 제품들로 구성 및 연출한 디스플레이 존도 운영될 예정이다. 또 전시 공간 방문객에게 콜라보 제품인 분리형비데를 4가지 디자인 중 원하는 디자인으로 증정하는 포토존 인증 이벤트도 함께 진행한다.


김혜진 대림바스 마케팅팀 팀장은 “대림바스의 심플한 비데 디자인과 이나피스퀘어의 위트있는 모노톤 드로잉을 매치해 고객들에게 유쾌한 경험을 선사하고자 콜라보를 진행하게 됐다”며 “이번 활동을 기점으로 지속적으로 브랜드 간 콜라보를 진행하면서 대림바스의 트렌디한 이미지를 전달할 예정”이라고 말했다.",http://www.sedaily.com/NewsView/29VUCQ38EX
1200201.202,1200201,2023.10.5,20231005,경인일보,윤혜경,"100주년 맞아 스타벅스와 만난 디즈니, 2차 콜라보 분위기는?","스타벅스코리아와 월트디즈니코리아 컴퍼니가 콜라보한 2차 기획상품이 스타벅스에 진열돼있다. 2023.10.5 /윤혜경기자hyegyung@kyeongin.com
""이번 MD(기획상품)는 잘 뽑은 것 같아요.""

디즈니는 늘 화제를 모은다. 디즈니 100주년을 맞아 지난 4월 국내 처음으로 판교 현대백화점에 개점한 디즈니 스토어엔 6개월이 다 돼가는 지금까지 구름 인파가 몰린다.

마찬가지로 100주년을 기념해 디즈니는 이번엔 스타벅스커피코리아(이하 스타벅스)와 협업했다. 미키마우스 모양의 티라미수 케이크, 미키마우스가 얹어진 딜라이트 콜드브루 등이 크게 인기를 끌자 2차 이벤트까지 결정됐다. 스타벅스와 디즈니컴퍼니코리아가 콜라보한 음료, 상품이 2차 출시된 5일 소비자들의 반응은 역시 뜨거웠다. 상품 구성을 다양화했고 증정 이벤트도 더해 주목도를 높였다.
1차 콜라보 호응 토대로 2차 협업 결정
5일 관련 제품 출시…상품 구성 다양화
""한국에서만 파는 제품도…매출 증가 예상""

이날 정오께 방문한 수원시내 한 스타벅스 매장에선 오르골 등 새롭게 진열된 디즈니 MD를 살펴보는 소비자들을 쉽게 볼 수 있었다.

오르골 등은 스타벅스와 디즈니의 2차 협업 상품이다. 올해 100주년을 맞은 디즈니가 국내 첫 디즈니 스토어를 여는 등 행보를 이어가는 가운데, 1차 콜라보에서 호평을 받았던 스타벅스와 두 번째 협업을 진행한 것이다. 앞서 스타벅스는 지난달 12일 디즈니 콜라보 상품을 1차 출시한 바 있다.

디즈니와 스타벅스의 2차 협업 상품은 한국에서만 판매된다. 텀블러, 머그잔 등 기존 스타벅스 MD와 차별화된 상품도 돋보였다. 미키·미니마우스 피규어가 올라간 오르골, 미키마우스의 손 모양이 담긴 커트러리 세트, 주방장갑 등이다. 발랄한 디즈니 캐릭터를 활용한 키링, 텀블러, 워터보틀 등도 2차 상품에 포함됐다.

상품 구성이 다양해진데 대한 호응이 이어졌던 가운데 가격에 대해선 의견이 분분했다. 일례로 미키마우스가 그려진 473㎖ 워터보틀 판매가격은 3만6천원으로, 동일 용량으로 앞서 스타벅스가 출시했던 서머 플라워 워터보틀과는 1만6천원 차이가 난다. 매장에서 만난 A(27)씨는 ""디즈니 캐릭터를 썼다고 해도 기존 MD보다 확 비쌀줄은 몰랐다""고 했다. 반면 다른 소비자 B(32)씨는 ""일반 MD보다 구성이 화려하다. 뚜껑에 캐릭터 피규어도 있고 보틀에 큼지막하게 미키가 그려져있다. 이 정도 가격이면 나쁘지 않다고 본다""고 말했다.

이런 가운데 2차 콜라보에선 디즈니 관련 상품·음료를 포함해 5만원 이상 구매하면 디즈니 패브릭 포스터를 무료로 증정하는 행사도 벌인다. 다만 출시 당일 대기줄이 발생했던 1차 콜라보 때와 비교하면 관심도가 덜했다. 수원시내 한 스타벅스 파트너는 ""증정품을 수령한 소비자는 아직 많지 않다""고 설명했다.

스타벅스는 1차 콜라보보다 상품 구성을 다양화한 만큼 매출도 늘어날 것으로 전망하고 있다. 스타벅스 관계자는 ""2차 콜라보 제품은 한국에서만 판매하는 제품도 있다. 2차 콜라보 제품 출시일인 이날 오전엔 온라인 스토어에서 대기 고객이 발생할 정도였다""며 ""현재까지 상품 판매량이 집계되지는 않았으나 매출은 20% 늘어난 것으로 확인됐다""고 말했다.
/윤혜경기자 hyegyung@kyeongin.com",http://www.kyeongin.com/main/view.php?key=20231005010000752
2100501.202,2100501,2023.9.4,20230904,파이낸셜뉴스,권병석 기자 (bsk730@fnnews.com),"부산국제영화제 CGV 씨네샵, 콜라보 굿즈 출시","부산국제영화제 X CGV 씨네샵 콜라보 굿즈. CGV 씨네샵 제공

[파이낸셜뉴스] 제28회 부산국제영화제가 영화 굿즈 스토어 CGV 씨네샵과 콜라보 굿즈를 출시한다고 4일 밝혔다.

이번 콜라보 굿즈는 부산국제영화제 개막을 앞두고 영화제를 찾기 위해 일정부터 준비물까지 꼼꼼하게 챙기는 ‘파워 J 시네필을 위한 부산국제영화제 준비 세트’로 구성됐다.

티켓 홀더, 가방, 인형 키링, 러기지 스티커 등 모두 4가지 상품으로 구성된 굿즈 세트는 영화 팬들의 소장 욕구를 충족시켜줄 상품으로 기대된다.

티켓 홀더와 가방은 CGV의 폐스크린을 업사이클링해 만든 상품으로 눈길을 끈다. 사용 연한이 지난 폐자원을 활용해 새로운 가치를 더해 일상 생활에서 유용하게 사용될 수 있도록 재탄생됐다.

콜라보 굿즈는 온라인을 통해 한정 수량으로 판매될 예정이다.

한편, 제28회 부산국제영화제는 오는 10월 4일부터 13일까지 영화의전당 일대에서 열흘간 개최된다.",http://www.fnnews.com/news/202309040944005292
1700101.202,1700101,2023.10.13,20231013,제민일보,전예린,두 기타리스트의 콜라보 무대,"클래식과 집시 기타리스트의 콜라보 무대가 펼쳐진다.
제주아트센터는 다음달 2일 오후 7시30분 '투 기타즈: 박규희×박주원' 공연을 개최한다고 12일 밝혔다.
클래식 기타리스트인 박규희는 정확한 기교와 섬세한 표현력을 갖춘 연주자로 각광받고 있다.
집시 기타리스트 박주원은 핑거링과 팝·재즈·록을 넘나드는 폭넓은 감수성으로한국에 집시 기타 열풍을 일으킨 뮤지션이다.
티켓은 13일 오후 2시부터 제주아트센터 홈페이지를 통해 예매할 수 있다. 전예린 기자",
7100501.202,7100501,2023.10.18,20231018,전자신문,서희원,"컴퓨존, 네오위즈와 'P의 거짓 콜라보 PC' 출시","사진=컴퓨존/네오위즈
전자제품 전문 쇼핑 플랫폼 컴퓨존(대표이사 노인호)이 게임 개발사 네오위즈(공동 대표 김승철, 배태근)의 최신작 'P의 거짓'과 콜라보한 조립 PC인 'P의 거짓 콜라보 PC'를 50대 한정 수량 판매한다고 18일 밝혔다.

P의 거짓은 지난 9월 글로벌 출시 후 한달 만에 누적 판매량 100만장을 돌파할 정도로 높은 인기를 누리고 있는 PC · 콘솔 기반 신작 게임이다. 조립 PC와 'P의 거짓' IP간 콜라보 사례는 이번이 처음이다.

P의 거짓 콜라보 PC는 컴퓨존과 네오위즈 양사간 마케팅 협업을 바탕으로 제작된 조립 PC 상품으로, 게임 로고와 캐릭터 이미지 등이 부착된 한정판 케이스를 활용하여 팬심을 자극하는 유니크한 외형을 갖추고 있다.


또한 P의 거짓은 AMD 라이젠 프로세서 및 라데온 그래픽카드에 최적화되어 한층 더 우수한 게이밍 퍼포먼스를 발휘하고 있기 때문에, AMD의 '라이젠7 7800X3D' 프로세서와 파워컬러의 'Radeon RX7800XT 레드데빌' 그래픽카드 등 검증된 부품들을 채택하여 고객들이 최상의 게이밍 환경을 경험할 수 있도록 구성됐다.

P의 거짓 콜라보 PC 출시에 맞추어 구매자들을 위한 다양한 이벤트도 진행된다. 콜라보 PC 상품을 구매하는 고객들에게는 'P의 거짓 PC판 디럭스 업그레이드'와 XBOX 게임패드가 사은품으로 지급되며, PC를 구매하는 고객들 중 추첨을 통해 21명에게 한정판 굿즈와 티셔츠가 지급될 예정이다.

컴퓨존 관계자는 “'P의 거짓'과 같이 유명한 IP와 제휴 상품을 구성할 수 있게 되어 영광이다”라며, “컴퓨존은 앞으로도 다양한 브랜드와의 제휴를 통해 신선한 구성의 조립 PC를 지속적으로 구성할 것”이라 밝혔다.

전자신문인터넷 서희원 기자 shw@etnews.com",http://www.etnews.com/20231017000316
7101201.202,7101201,2023.9.1,20230901,디지털타임스,연소연,"삼성전자, 삼성 강남서 디즈니 팬심 저격 `디즈니 콜라보 전시` 운영","'더 프레임 디즈니 100주년 에디션' 한정판 제품 전시
삼성전자가 라이프스타일 TV '더 프레임(The Frame) 디즈니 100주년 에디션' 공식 출시를 맞아 삼성 강남 2층에서 '디즈니 콜라보 전시'를 운영한다고 1일 밝혔다.



17일까지 운영하는 '디즈니 콜라보 전시'에서는 '더 프레임 디즈니 100주년 에디션'과 다양한 디즈니 콜라보 모바일 액세서리를 함께 만나볼 수 있다.



디즈니 100주년을 기념해 선보인 이번 에디션은 △'삼성 | 디즈니100' 온스크린 로고 적용 △'디즈니100' 로고가 새겨진 세련된 플래티넘 실버 메탈 베젤 탑재 △디즈니 인기 캐릭터 미키 마우스를 닮은 디즈니 100주년 에디션 솔라셀 리모트 등 차별화 포인트로 가치를 더했다.



또한, 더 프레임 예술 작품 구독 서비스 '아트 스토어'를 통해 '월트 디즈니(Walt Disney)', '픽사 애니메이션(Pixar Animation)', '마블(MARVEL)', '내셔널지오그래픽(National Geographic)'등 아트 컬렉션 이미지 100점을 이번 스페셜 에디션을 통해 감상할 수 있다.



삼성 강남 '디즈니 콜라보 전시'에서는 디즈니와 협업한 갤럭시 Z 플립5 수트 케이스와 플립 수트 카드, 갤럭시 S23 케이스, 갤럭시 워치6 시리즈 스트랩 등 다양한 콜라보 액세서리를 만나볼 수 있다. 또한 디즈니 자체 제품이 전시되는 공간도 마련되어 있다.



삼성전자는 삼성닷컴과 갤럭시 캠퍼스에서 디즈니 콜라보 모바일 액세서리를 구매하고 삼성 강남에서 제품을 픽업하는 고객을 대상으로 커피 쿠폰 증정 이벤트도 진행한다.



'더 프레임 디즈니 100주년 에디션'은 1일부터 삼성닷컴을 통해 판매를 시작한다. 1일 오후 7시에는 삼성닷컴에서 라이브 커머스로도 만나볼 수 있다.



공식 출시를 맞아 풍성한 구매 혜택도 준비했다. 닷컴에서 더 프레임 디즈니 100주년 에디션을 구매하는 고객에게는 디즈니 100주년 피크닉 스테인리스 컵과 '요기요' 모바일 상품권 3만 원권을 제공한다. 또한, '더 세리프'를 기준가에서 최대 50만 원 추가 할인된 가격으로 구매할 수 있는 할인 쿠폰을 증정한다. 사전 알림 신청 후 구매한 고객을 대상으로는 다양한 디즈니 캐릭터를 활용한 디퓨저를 추가로 제공한다.



삼성전자 관계자는 ""'더 프레임 디즈니 100주년 에디션' 출시를 맞아 오픈한 삼성 강남 '디즈니 콜라보 전시'에서 더 프레임 디즈니 100주년 에디션만의 디자인과 콘텐츠를 직접 보실 수 있을 것""이라며 ""앞으로도 새롭고 다채로운 콘텐츠 경험을 하실 수 있도록 다양한 브랜드 협업 기회를 강화해 나갈 예정""이라고 전했다.



자세한 내용은 삼성닷컴 홈페이지에서 확인할 수 있다.



연소연기자 dtyso@dt.co.kr",http://www.dt.co.kr/contents.html?article_no=2023090102109923056003&ref=jeadan
7100501.202,7100501,2023.8.31,20230831,전자신문,서희원,"락토핏, 망그러진 곰 콜라보 한정판 '올리브영' 단독 출시","락토핏x망그러진 곰 콜라보 제품. 사진=종근당건강
종근당건강의 '락토핏'이 MZ세대 사이에서 인기 있는 '망그러진곰' 캐릭터와의 콜라보 제품을 올리브영에 단독으로 출시한다.

이번에 출시되는 락토핏 X 망그러진곰 한정판 에디션은 가을철 나들이 시즌을 맞아 캐릭터가 들어간 스페셜 패키지와 미니 에코백으로 구성됐다.

특히 제품 박스부터 내부 스틱 포까지 망그러진곰 일러스트를 전면 삽입하여 구매하는 순간부터 섭취 시까지 기분 좋은 경험을 선사한다. 함께 제공되는 미니 에코백은, 망그러진곰을 좋아하는 남녀노소 누구나 언제 어디서든 가볍게 들고 다닐 수 있는로 실용성과 귀여움을 한 번에 잡은 제품이다.

'락토핏 골드 망글곰 에디션'은 8월 31일부터 오직 올리브영에서만 만나볼 수 있으며, 재고 소진 시 판매는 조기종료 될 예정이다.

한편, 락토핏은 지난 6월 카카오선물하기에서 망그러진곰 콜라보 기획세트를 출시한 바 있다. 나들이 시즌을 맞아 출시된 망그러진곰 피크닉세트는 출시 당일 최근 3개월 대비 일일 판매액이 약 2000% 상승하며 세간의 이목을 집중시켰다.

락토핏 관계자는 “망그러진곰과 처음으로 진행했던 피크닉매트 콜라보가 맘키즈 고객은 물론 MZ세대에게까지 큰 반향을 일으켰다”며, “그 성원에 보답하고자 망그러진곰과의 또 다른 새로운 콜라보를 기획했고, 맘키즈와 MZ세대 모두 이를 통해 즐거움을 느끼셨으면 좋겠다”고 말했다.

이어 “대한민국을 대표하는 유산균 브랜드로서, 더 재미있는 콜라보레이션을 통해 즐거운 유산균 소비문화를 만들어가는데 앞장설 락토핏의 미래가 기대된다”고 덧붙였다.

전자신문인터넷 서희원 기자 shw@etnews.com",http://www.etnews.com/20230830000158
2100101.202,2100101,2023.10.5,20231005,매일경제,박준형 기자(pioneer@mk.co.kr),"대림바스, 일러스트 더한 콜라보 욕실","대림바스X이나피스퀘어 콜라보. <대림바스>
국내 욕실 1위 기업 대림바스가 크리에이티브 스튜디오 이나피스퀘어와 손잡고 위트있는 일러스트가 더해진 콜라보 제품을 선보인다.
‘Only the Ones We Like(우리가 좋아하는 것들만)’를 슬로건으로 하는 이번 협업을 통해 대림바스는 이나피스퀘어 특유의 모노톤 드로잉을 가미한 감각적인 욕실 오브제를 만들었다. 검정과 흰색을 활용해 대림바스 상징인 곰 캐릭터를 작가의 재치로 새롭게 표현한 일러스트 등으로 제품을 장식해 고객에게 즐거운 경험을 선사한다는 계획이다.
콜라보 제품은 대림바스 일체형비데(DST-911ART)와 분리형비데(DDS-S1500ART) 2종이며, 총 4가지 디자인으로 구성된다. 6일부터 한정 수량으로 대림몰과 리빙 스타일 편집숍 ‘무브먼트랩’의 온라인몰에서 판매한다.
한편 오는 29일까지 서울 용산에 위치한 ‘무브먼트랩 한남’에서 대림바스와 이나피스퀘어의 콜라보 제품들로 구성 및 연출한 디스플레이 존도 운영될 예정이다.
김혜진 대림바스 마케팅팀장은 “대림바스의 심플한 비데 디자인과 이나피스퀘어의 위트있는 모노톤 드로잉을 매치해 고객에게 유쾌한 경험을 선사하고자 콜라보를 진행하게 됐다”며 “이번 활동을 기점으로 지속적으로 브랜드간 콜라보를 진행하면서 대림바스의 트렌디한 이미지를 전달할 예정”이라고 말했다.",http://www.mk.co.kr/article/10842993
7100501.202,7100501,2023.10.10,20231010,전자신문,김신영,"한국엡손, 디즈니와 마블 캐릭터 콜라보한 라벨프린터 2종 출시","한국엡손이 디즈니와 콜라보한 라벨 프린터 2종을 출시한다. 한국엡손 제공
한국엡손은 디즈니 컴퍼니 코리아와 콜라보한 라벨프린터 2종을 선보인다고 10일 밝혔다. 콜라보는 마블의 슈퍼 히어로 캐릭터를 활용해 제작했다.

이번 콜라보의 콘셉트는 마블의 어벤져스 캐릭터로 디자인된 제품과 함께하는 풍부한 일상이다. 어벤져스의 주요 캐릭터를 디자인에 활용해 기획한 'LW-K200DC', '스파이디 그리고 놀라운 친구들' 캐릭터 디자인을 입힌 'LW-K200DD' 두 가지 모델로 출시한다. 앞서 엡손과 디즈니코리아는 지난 2월 프린세스, 곰돌이 푸 캐릭터를 적용한 라벨프린터를 출시해 많은 고객의 호응을 얻었다.

신제품 2종은 각각 196종의 마블 캐릭터 테마, 스파이디 그리고 놀라운 친구들 캐릭터로 구성한 이모티콘과 캐릭터 템플릿을 탑재했다. 무게는 400g이며 콤팩트한 사이즈를 갖췄다. 라벨은 4~18mm까지 호환되며 한글, 영어, 일본어, 한자 등 4개 언어를 지원한다.


김신영 기자 spicyzero@etnews.com",http://www.etnews.com/20231010000104
1100611.202,1100611,2023.8.30,20230830,서울신문,이경숙,락토핏 망그러진곰 콜라보 ‘스페셜 에디션’ 올리브영 한정 출시,"락토핏 골드 망글곰 에디션. 종근당건강 제공
종근당건강의 ‘락토핏’이 MZ세대 사이에서 인기 있는 ‘망그러진곰’ 캐릭터와의 콜라보 제품을 올리브영에 단독으로 출시한다고 31일 밝혔다.
업체에 따르면 이번에 출시되는 락토핏·망그러진곰 한정판 에디션은 가을철 나들이 시즌을 맞아 캐릭터가 들어간 스페셜 패키지와 미니 에코백으로 구성됐다.제품 박스부터 내부 스틱 포까지 망그러진곰 일러스트를 전면 삽입해 구매하는 순간부터 섭취 시까지 기분 좋은 경험을 선사한다. 함께 제공되는 미니 에코백은, 망그러진곰을 좋아하는 남녀노소 누구나 언제 어디서든 가볍게 들고 다닐 수 있는 실용성과 귀여움을 한 번에 잡은 제품이다.
‘락토핏 골드 망글곰 에디션’은 31일부터 올리브영에서만 만나볼 수 있으며, 재고 소진 시 판매는 조기종료 될 예정이다.
락토핏은 지난 6월 카카오선물하기에서 망그러진곰 콜라보 기획세트를 출시한 바 있다. 나들이 시즌을 맞아 출시된 망그러진곰 피크닉세트는 출시 당일 최근 3개월 대비 일일 판매액이 약 2,000% 상승했다.
업계에서는 인지도, 선호도, 고객만족도 측면에서 1등을 차지하며(칸타월드패널, 2022) 그랜드슬램을 달성한 락토핏이 이제는 적극적인 컬래버를 통해 건강기능식품 업계에 새로운 바람을 일으킨다고 평하고 있다.
락토핏 담당자는 “망그러진곰과 처음으로 진행했던 피크닉매트 콜라보가 맘키즈 고객은 물론 MZ세대에게까지 큰 반향을 일으켰다.”며 “그 성원에 보답하고자 망그러진곰과의 또 다른 새로운 콜라보를 기획했고, 맘키즈와 MZ세대 모두 이를 통해 즐거움을 느끼셨으면 좋겠다”고 말했다.",http://www.seoul.co.kr/news/newsView.php?id=20230830500079
1500701.202,1500701,2023.8.31,20230831,부산일보,박지훈,"휠라 키즈 X 히로 콜라보 컬렉션 출시, 서울 성수동에 팝업스토어 공개","휠라코리아가 전개하는 키즈 브랜드 휠라 키즈(FILA KIDS)는 키즈 스트리트 패션 브랜드 ‘히로(HIRO)’와 손잡고 브랜드 헤리티지에 스트리트 무드를 접목한 ‘휠라 키즈 X 히로 콜라보 컬렉션’을 선보인다고 30일 밝혔다.

이번 컬렉션은 스포츠 유아동복 대표 브랜드인 휠라 키즈와 키즈 스트리트 패션의 대표 주자로 떠오르는 히로의 만남으로 발매 전부터 뜨거운 관심을 모았다. 무엇보다 키즈 브랜드로는 드물게 MZ세대의 성지로 불리는 성수동에 팝업스토어를 열어 눈길을 끌었다. 콜라보 컬렉션 발매를 기념해 29일 오픈한 팝업스토어는 오픈런 행렬이 이어졌다고 전했다.

휠라 키즈와 함께한 히로는 스트리트 캐주얼 기반의 힙한 무드를 재해석해 누구나 편하게 입을 수 있는 이지웨어를 전개하는 키즈 브랜드로, 매 시즌 트렌디한 디자인과 유니크한 감성을 담은 제품을 제안해 탄탄한 팬덤을 형성하고 있다.

이번 컬렉션은 휠라의 대표 헤리티지 중 하나인 ‘레이싱(Racing)’을 모티브로 두 브랜드의 아이덴티티를 담은 가을 아이템들로 구성했다. ‘레이싱’하면 떠오르는 체커보드를 포인트로 활용해 트렌디하면서 스포티한 무드를 연출했으며, 다양한 패치 디자인으로 스타일리시함을 더했다. 또 각 브랜드의 ‘FILA’, ‘HIRO’의 로고를 조합한 ‘FIRO’ 로고를 사용해 이번 콜라보의 의미를 더한 것도 눈에 띈다. 간절기 필수품인 가벼운 아우터부터 맨투맨을 비롯한 스니커즈, 슬립온, 슬라이드, 모자, 양말 등 13가지 아이템을 다채롭게 준비됐다.

이번 콜라보를 기념해 진행 중인 팝업스토어는 내달 10일까지 무신사 테라스 성수에서 열린다. 실제 레이싱 경기장을 연상케 하는 대형 설치물과 스타트 라인, 레이싱 트랙 등으로 꾸며 이번 콜라보 콘셉트의 몰입도를 높였다.

휠라 키즈 X 히로 콜라보 컬렉션은 오는 9월 4일부터 휠라 키즈 오프라인 매장 6곳(신세계 강남점, 롯데 수원점, 현대 충청점 외)에서 공식 출시를 시작하며, 9월 6일부터는 휠라 키즈 공식 온라인스토어와 히로 온오프라인 스토어, 무신사, 우트 등에서도 만나볼 수 있다.

휠라코리아 관계자는 “모(母) 브랜드 휠라에서부터 이어온 레이싱 헤리티지에 히로만의 스트리트 감성을 결합해 힙하고 키치한 감성이 돋보이는 제품을 선보이게 돼 의미 있게 생각한다”라며 “컬렉션 모티브부터 희소성 있는 콜라보 제품까지 직접 체험할 수 있는 팝업스토어에 많은 관심을 주셔서 감사하게 생각하며 이번 가을 특별한 키즈 패션을 고민하는 분들께 좋은 제안이 되었으면 하는 바람”이라고 말했다.",https://www.busan.com/view/busan/view.php?code=2023083010332971992
1200101.202,1200101,2023.9.7,20230907,경기일보,김종연,"[영상] ""경찰과 시민의 환상적인 콜라보""...음주운전 차량 도주 막은 시민","[썸네일] ""경찰과 시민의 환상적인 콜라보""...음주운전 차량 도주 막은 시민. 김종연PD
경찰과 시민들이 합세해 음주 운전자를 끝까지 추격한 영상이 화제다.

5일 경찰에 따르면 지난 6월 24일 성남시에서 ""도로에 차가 서있다""는 신고를 받고 경찰이 출동했다.

출동한 경찰은 음주운전일 가능성이 높다고 판단해 차량을 우측으로 정차시켰다.

그런데 차량은 경찰의 신호에 따르는 듯 했으나 이내 빠른 속도로 도주했다. 도주하는 순간 상황을 지켜본 한 트럭 운전자가 도주 경로를 막았지만 도주차량은 틈을 이용해 빠져나갔다.

다행히 도주 예상 경로를 파악하고 기다리던 경찰관이 도주차량을 발견하고 신속하게 접근했다. 동시에 시민이 운전하던 또 다른 차량이 도주차량의 경로를 막아 경찰을 도왔다.

경찰과 시민이 합세해 현장에서 체포된 운전자는 혈중알코올농도 0.179%로 면허취소 수준의 만취상태였다.

경찰은 ""포기하지 않은 열혈 경찰과 두 시민의 환상적인 콜라보로 범죄를 예방할 수 있었다""며 시민들에게 감사 인사를 전했다.

영상 출처=경찰청 유튜브",https://www.kyeonggi.com/article/20230906580256
2100801.202,2100801,2023.11.14,20231114,아시아경제,이민지,"“삼각김밥 맞아?” 세븐일레븐, ‘오잉청양마요참치삼각김밥’ 출시","편의점 세븐일레븐이 노가리, 먹태 등 해산물 맛 과자의 선풍적인 인기에 힘입어 오잉노가리칩과 콜라보한 ‘오잉청양마요참치삼각김밥’을 선보인다고 14일 밝혔다.

오잉청양마요참치삼각김밥은 기존 과자 상품과 유사한 패키징 디자인 외에도 맛에서 콜라보 요소를 가미했다. 오잉노가리칩에 들어가는 비법 가루를 동일하게 첨가하였으며 김과 밥 사이에 양파칩 후레이크를 도포해 스낵의 바삭한 식감을 구현했다. 여기에 간장 야채볶음밥과 청양고추를 섞은 참치마요 속재료로 해 노가리를 청양마요에 찍어 먹는 듯한 맛을 구현해냈다.

세븐일레븐은 오는 15일 오잉청양마요참치삼각김밥 출시를 기념해 카카오플러스친구 이벤트도 선보인다. 16일 선착순 2000명 한정 오잉청양마요참치삼각김밥 시식 쿠폰을 발급할 예정이다. 세븐일레븐 카카오플러스친구 추가 시 해당 이벤트를 카카오톡 메시지로 확인 및 참여할 수 있다.

한편 세븐일레븐은 MZ세대를 위한 이색 콜라보 상품 개발에 힘써오고 있다. 2021년부터는 와인병도 모으는 젊은 소비자들의 수집 욕구와 MZ세대를 중심으로 늘어난 아트슈머에 초점을 맞춰 와인에 미술작품을 더한 ‘앙리마티스와인’ 시리즈를 지속적으로 선보여오고 있다. ‘앙리마티스와인’은 누적 판매 40만병 이상을 달성하면서 세븐일레븐 시그니처 상품으로 자리잡았다.

김하영 세븐일레븐 푸드팀 담당MD는 “삼각김밥의 경우 과자 브랜드와 콜라보는 이번이 처음”이라며 “화제성 높은 상품과 콜라보를 통해 MZ세대 소비자들의 입맛과 SNS인증샷 욕구까지 모두 사로잡을 수 있을 것으로 기대한다”고 말했다.

이민지 기자 ming@asiae.co.kr",https://view.asiae.co.kr/article/2023111408085993427
1100701.202,1100701,2023.9.14,20230914,세계일보,남정훈,"LG트윈스, 브랜드 '빠더너스'와 콜라보 실시","프로야구 LG트윈스는 브랜드 ‘빠더너스’와 콜라보레이션을 통해 상품을 출시하고, 유튜브 컨텐츠에 대한 상호간의 협업을 진행한다.

LG트윈스와 ‘빠더너스’는 구단의 클래식, 레트로 로고와 ‘빠더너스’의 대표 캐릭터인 ‘문땡이’를 조합하여 ‘BASEBALL KIDS’를 컨셉으로 다양한 굿즈를 선보일 예정이다.

‘빠더너스’는 코메디언 겸 배우 문상훈이 프론트맨으로 있는 유튜브 ‘빠더너스’ 채널(구독자 128만명)에서 시작된 브랜드로 시즌별로 유쾌하고 기발한 제품을 선보이고 있다. 이번 콜라보를 통해 새로운 디자인의 유니폼 져지와 웜업자켓, 덕아웃자켓, 스?셔츠, 클래식 볼캡 등을 출시한다. 한편 LG트윈스와 ‘빠더너스‘ 콜라보 상품은 한정판 거래 플랫폼인 크림(KREAM)을 통해 온라인으로 발매되며, 21일부터 23일까지 3일간 구매할 수 있다. 구매한 상품은 10월 18일부터 순차적으로 배송될 예정이다.

또한 다양한 굿즈와 더불어 SNS 채널간의 디지털 협업을 진행한다. ‘빠더너스’ 채널의 ‘문상기자‘, ‘일타강사 문쌤’과 같은 인기 컨텐츠를 LG트윈스와의 협업으로 각색하여 팬들에게 신선한 재미를 선보일 예정이다.

LG트윈스, ‘빠더너스’ 콜라보에 대한 자세한 내용은 LG트윈스 공식 홈페이지와 SNS에서 확인할 수 있다.


남정훈 기자 che@segye.com",http://www.segye.com/content/html/2023/09/14/20230914510840.html
2100801.202,2100801,2023.9.5,20230905,아시아경제,이민지,"콘래드 서울, 모스키노와 손잡고 애프터눈티 세트 선봬","콘래드 서울이 가을을 맞이해 모스키노와 함께 애프터눈티 세트를 선보인다고 5일 밝혔다.

호텔 37층에 있는 '37 그릴 앤 바'에서는 콘래드 서울의 시그니처인 콘래드 미니 베어를 모티브해 제작된 틀에 향긋한 티 타임을 가질 수 있도록 애프터눈 티 세트를 제공한다. 귀여운 곰돌이 기물은 마치 인사를 나누는 듯한 모습으로 여성 손님들 사이에서 큰 인기를 얻고 있다. 이 인기를 바탕으로, 모스키노의 대표 아이콘인 테디베어를 형상화한 향수인 토이 시리즈와 콜라보를 진행한다.

모스키노와 콜라보레이션 애프터눈티 세트에는 훈제 연어, 햄치즈샌드위치, 옥수수 타르트 등의 세이보리와 시나몬 오렌지 초콜릿, 자스민 만다린 무스 등 7가지 다양한 디저트가 포함되어 있다. 그중에서 모스키노의 M을 상징하는 초콜릿과 테디베어 얼굴의 3종 무스도 이번 콜라보를 위해 특별히 제작되었다.

모스키노 콜라보 애프터눈티 세트를 이용하시는 모든 고객에게는 모스키노 토이 시리즈인 토이 2, 토이 보이, 토이 2 버블검이 포함된 3종 미니어처 향수를 제공하며 시향할 수 있는 공간도 37그릴 앤 바에 마련될 예정이다. 미니어처 향수로 받아볼 수 있는 모스키노 토이 시리즈 향수는 플로럴한 여성스러운 향부터 우디한 도시 삼성을 상징하는 향까지 다양한 종류로 구성됐다.

콘래드 관계자는 “콘래드 미니베어가 인기를 얻어 이탈리아 명품 브랜드인 모스키노와 콜라보 할 수 있게 됐다”며 “키치한 디자인이 다시 유행하면서 많은 분이 귀여운 테디베어 콜라보에 관심을 가질 것으로 기대된다”고 설명했다.

이민지 기자 ming@asiae.co.kr",https://view.asiae.co.kr/article/2023090515372537558
2100851.202,2100851,2023.9.4,20230904,아주경제,김다이,"30주년 맞은 송지오, 스포츠 브랜드 리복과 협업 컬렉션 선봬","SONGZIO(송지오), ‘송지오 X 리복’ 콜라보 컬렉션 출시. [사진=송지오]
K패션과 글로벌 스포츠 브랜드가 만났다.

K패션의 거장 '송지오(SONGZIO)'가 글로벌 스포츠 브랜드 '리복(REEBOK)'과 협업한 컬렉션을 출시했다고 4일 밝혔다.
 
이번 콜라보 컬렉션은 지난 6월 파리패션위크에서 선보인 '클럽C 레거시 컬렉션 슈즈'에 이은 협업 상품이다.

송지오는 올해 론칭 30주년을 맞이했으며, 리복은 브랜드 정체성을 대표하는 벡터 로고 탄생 30주년이 됐다. 이번 콜라보 컬렉션은 송지오의 아방가르드한 감성과 리복의 역동적인 무드가 더해진 트랙 셋업 1종과 볼캡 1종으로 구성됐다.
 
'송지오 X 리복 30YEARS 셋업'은 시그니처 코쿤 핏의 아노락과 벌룬 핏 조거 트랙 팬츠로 구성됐다. 터치감이 다른 2개의 화섬 원단을 사용해 특유의 볼륨감 있는 실루엣을 형성했다. 또한 팬츠는 탈부착이 가능한 디테일을 넣어 하프 팬츠로 투웨이 착용이 가능하며, 전면과 후면에 송지오 옴므와 리복의 콜라보 자수를 더했다.
 
화섬 볼캡은 전면에 양사의 자수 로고가 후면에는 'REEBOK' 자수와 송지오 옴므 'S' 금속 심볼 로고를 담았다.
 
송지오 관계자는 ""파리패션위크에서 성공적으로 선보였던 '클럽C 레거시 컬렉션 슈즈'에 이어 본격적인 리복과의 콜라보 작업과 동시에 송지오의 전위적인 30주년을 기념하게 되어 더욱 의미 있는 협업이었다""라며 ""이번 협업 외에도 아트 패션을 추구하는 만큼 해외 스튜디오, 해외 아티스트 등 송지오 하우스의 아방가르드한 철학과 색깔을 담아 다양한 협업을 지속적으로 선보일 예정이다""라고 말했다.

아주경제=김다이 기자 dayi@ajunews.com",https://www.ajunews.com/view/20230904142726301
1500601.202,1500601,2023.10.19,20231019,매일신문,김우정,"10월 풍성한 이벤트 준비 더벤티, 미니게임천국 콜라보 프리퀀시 등 진행","19일부터 3주간, 캐주얼 게임 ‘미니게임천국’ 콜라보 프리퀀시|| 20일 단 하루, ‘더벤티데이’ 멤버십 프로모션
더벤티 제공.
커피 프랜차이즈 더벤티가 19일부터 미니게임천국 콜라보 프리퀀시 및 더벤티데이로 풍성한 혜택의 10월 멤버십 프로모션을 진행한다.

더벤티는 19일부터 오는 11월 8일까지, 3주간 더벤티 멤버십 회원을 대상으로 컴투스 캐주얼 게임 미니게임천국 콜라보 프리퀀시를 진행한다.

프리퀀시 행사는 더벤티의 겨울 신메뉴 3종 홀리데이 체리소다, 그린윈터 티프레시, 리치시나몬 딥라떼 중 2잔과 자유 음료 2잔, 총 4잔의 음료를 구매 시 스탬프가 적립이 되며, 프리퀀시 완성 시 미니게임천국 인게임 아이템 '더벤티 코스튬 SET', '더벤티 스킨' 등을 얻을 수 있다.

또 더벤티는 프리퀀시 완성자를 대상으로 추첨을 통해 미니게임천국 스페셜 굿즈인 '집토끼 인형'과 '미니게임천국 콜드컵 1종'을 각 25명씩, 총 50명에게 제공할 예정이다.

더벤티는 20일 단 하루, 매월 멤버십 회원을 대상으로 다채롭고 특별한 할인 혜택을 제공하는 10월 더벤티데이도 진행한다.

10월 더벤티데이의 쿠폰팩은 픽업 주문 시 전 메뉴 500원 할인 쿠폰과 귀여운 토마토 모양, 크림치즈의 풍미가 매력적인 '토실짭짤 토마토빵' 1천원 할인 쿠폰, 겨울 시즌 음료 3종 1천원 할인 쿠폰으로 구성되어 있다.

멤버십 프로모션은 당일 신규 가입자를 포함한 모든 회원을 대상으로 하며 더벤티데이 쿠폰팩은 더벤티 브랜드 APP 메인 화면의 '오늘의 쿠폰'에서 다운로드 받을 수 있다. 보다 자세한 내용은 더벤티 브랜드 홈페이지 또는 앱을 통해 확인 가능하다.",https://news.imaeil.com/page/view/2023101916071029968
1500601.202,1500601,2023.9.8,20230908,매일신문,심헌재,공연 전시 함께 즐기는 청년주도형 예술축제 2023 남구청년예술제 '해야청청',"9월 13일 전야제…14~16일까지 대덕문화전당
2021 남구청년예술제. 대덕문화전당 제공.
대덕문화전당이 2023 남구 청년예술제, '함께 푸르다. 해야청청'을 13일 전야제를 시작으로 16일까지 대덕문화전당에서 개최한다.

'남구 청년예술제'는 예술인(팀)간의 콜라보를 통해 청년 예술인의 예술 활동을 적극적으로 지원하기 위해 지난 2021년 처음 시작했다. 목적에 걸맞게 그동안 대중음악, 무용, 국악, 서양음악, 낭독극, 음악연주 등 다양한 콜라보가 펼쳐졌다.

이번에 펼쳐지는 2023 남구청년예술제는 '함께 푸르다'는 슬로건과 '함께 해야만 한다'는 뜻의 '해야청청'이란 제목으로 개최된다. 올해는 특히 전국 3개 대학(경일대, 계명대, 중앙대) 청년 작가의 그룹전을 통해 공연과 전시를 함께 아우른다.

공연은 총 6팀이 한다. ▷국악‧현대무용‧기악을 콜라보하는 '권윤형x신민속악회 바디' ▷ 스트릿 댄스와 넌버벌 퍼포먼스가 합쳐진 '스낵댄스' ▷뮤지컬 배우와 락밴드가 함께 만들어가는 밴드극을 선보일 '그라비티' ▷우리 소리와 가곡의 콜라보, '우리음악집단 소옥' ▷퓨전밴드와 댄서의 조합 '엠오케스트락' ▷일렉트릭밴드와 소리꾼의 만남 '이기욱 일렉트릭밴드 x 소리꾼 김수경' 등이다.

메인 공연이 종료된 뒤 야외 공연장에서 이어지는 부대행사 '네트워킹 파티'도 있다. 여기에는 지난 해 수상팀인 ▷밴드하즈 ▷영남소리집단 오방색 ▷김형동 프로젝트 등 3팀의 축하 공연이 예정돼있다.

관람은 무료. 053-664-3118.",https://news.imaeil.com/page/view/2023090611253942264
1100701.202,1100701,2023.9.1,20230901,세계일보,김정환,"삼성전자, '더 프레임 디즈니 100주년 에디션' 출시 맞아 삼성 강남에서 '디즈니 콜라보 전시' 오픈","삼성전자가 9월 1일 라이프스타일 TV '더 프레임(The Frame) 디즈니 100주년 에디션' 공식 출시를 맞아 삼성 강남 2층에서 '디즈니 콜라보 전시'를 운영한다.

17일까지 운영하는 '디즈니 콜라보 전시'에서는 '더 프레임 디즈니 100주년 에디션'과 다양한 디즈니 콜라보 모바일 액세서리를 함께 만나볼 수 있다.

디즈니 100주년을 기념해 선보인 이번 에디션은 ▲'삼성 | 디즈니100' 온스크린 로고 적용 ▲'디즈니100' 로고가 새겨진 세련된 플래티넘 실버 메탈 베젤 탑재 ▲디즈니 인기 캐릭터 미키 마우스를 닮은 디즈니 100주년 에디션 솔라셀 리모트 등 차별화 포인트로 가치를 더했다.

또한, 더 프레임 예술 작품 구독 서비스 '아트 스토어'를 통해 '월트 디즈니(Walt Disney)', '픽사 애니메이션(Pixar Animation)', '마블(MARVEL)', '내셔널지오그래픽(National Geographic)'등 아트 컬렉션 이미지 100점을 이번 스페셜 에디션을 통해 감상할 수 있다.

삼성 강남 '디즈니 콜라보 전시'에서는 디즈니와 협업한 갤럭시 Z 플립5 수트 케이스와 플립 수트 카드, 갤럭시 S23 케이스, 갤럭시 워치6 시리즈 스트랩 등 다양한 콜라보 액세서리를 만나볼 수 있다. 또한 디즈니 자체 제품이 전시되는 공간도 마련되어 있다.

삼성전자는 삼성닷컴과 갤럭시 캠퍼스에서 디즈니 콜라보 모바일 액세서리를 구매하고 삼성 강남에서 제품을 픽업하는 고객을 대상으로 커피 쿠폰 증정 이벤트도 진행한다.

'더 프레임 디즈니 100주년 에디션'은 1일부터 삼성닷컴을 통해 판매를 시작한다. 1일 오후 7시에는 삼성닷컴에서 라이브 커머스로도 만나볼 수 있다.

공식 출시를 맞아 풍성한 구매 혜택도 준비했다. 닷컴에서 더 프레임 디즈니 100주년 에디션을 구매하는 고객에게는 디즈니 100주년 피크닉 스테인리스 컵과 '요기요' 모바일 상품권 3만 원권을 제공한다. 또한, '더 세리프'를 기준가에서 최대 50만 원 추가 할인된 가격으로 구매할 수 있는 할인 쿠폰을 증정한다. 사전 알림 신청 후 구매한 고객을 대상으로는 다양한 디즈니 캐릭터를 활용한 디퓨저를 추가로 제공한다.

삼성전자 관계자는 ""'더 프레임 디즈니 100주년 에디션' 출시를 맞아 오픈한 삼성 강남 '디즈니 콜라보 전시'에서 더 프레임 디즈니 100주년 에디션만의 디자인과 콘텐츠를 직접 보실 수 있을 것""이라며, ""앞으로도 새롭고 다채로운 콘텐츠 경험을 하실 수 있도록 다양한 브랜드 협업 기회를 강화해 나갈 예정""이라고 전했다.

자세한 내용은 삼성닷컴 홈페이지에서 확인할 수 있다.


김정환 기자 hwani89@segye.com",http://www.segye.com/content/html/2023/09/01/20230901508689.html
2100311.202,2100311,2023.8.28,20230828,서울경제,김동호 기자,"라이프스타일 브랜드 쿼시, 카멜커피와 콜라보 제품 선보여","개인&공간 위생을 위한 브랜드 쿼시가 국내 커피 브랜드 카멜커피와의 콜라보 제품을 출시한다. 오는 29일 출시를 앞두고 있는 콜라보 제품은 쿼시 세정 롤티슈에 카멜커피의 시그니처 컬러와 감각적인 일러스트를 더했다. 또한 “쿼시X카멜커피 세정 롤티슈”는 총 2가지 디자인으로 취향에 맞게 선택할 수 있으며, 주방, 거실 등 어디에 두어도 인테리어에 방해되지 않으며 빠르고 간편하게 사용할 수 있는 특장점을 가졌다. 쿼시 관계자는 카멜커피와의 콜라보 제품 출시에 있어 특별함과 재미를 통해 브랜드 가치를 더했다고 전했다. 해당 제품은 한정판매로 8월 29일(화) 쿼시 공식 홈페이지에서만 구매가 가능하고 다양한 세트구성으로도 만나볼 수 있으며, 카멜커피 매장에서도 확인할 수 있다.",http://www.sedaily.com/NewsView/29TL0I6K4C
1100301.202,1100301,2023.8.29,20230829,내일신문,정석용 기자 syjung@naeil.com,'콜라보 맛집' SPC 배스킨라빈스 파트너사와 동반성장,"'콜라보 맛집' SPC 배스킨라빈스
최근 식품 업계는 새로운 경험을 추구하고 자신만의 감성을 나타내길 원하는 MZ세대를 사로잡기 위해 이색 브랜드와 경계를 뛰어넘는 컬래버레이션을 진행하고 있다.





배스킨라빈스는 식음료, 캐릭터 IP, 디지털 플랫폼 등 다양한 분야와 협업하는 대표적인 '콜라보 맛집'으로 유명하다. 올해는 MZ세대 사이에서 힙하게 떠오르는 국내 브랜드와 손잡고 다양한 팬덤을 공략하며, 소비자 접점 확대 및 브랜드 경쟁력 강화에 나서 콜라보 맛집이라는 '닉값'을 제대로 하고 있다. 특히 배스킨라빈스는 수많은 브랜드와의 협업으로 축적된 노하우와 콘텐츠, 마케팅 전략, 영업망 등 자사의 강점을 적극적으로 활용해 국내 브랜드와 함께 성장할 수 있는 상생 협력의 선순환 모델을 구축하고 있다는 게 업계의 평가다.





배스킨라빈스는 인기 있는 국내 브랜드와의 협업으로 2030세대 소비자 사이에서 트렌디한 브랜드로 이미지를 강화하고 있다. 핫플레이스에서만 판매하는 색다른 디저트를 배스킨라빈스만의 노하우를 접목한 신제품으로 개발하는 한편 전국 약 1700여개 배스킨라빈스 매장에서 선보여 차별화된 브랜드 경험을 선사한다. 더불어 파트너사에게는 배스킨라빈스의 전국적인 유통망을 통해 다양한 지역의 소비자들에게 더욱 가깝게 다가가도록 돕고, 단독으로 진행하기 어려운 각종 프로모션, 광고 영상 등 다양한 콘텐츠를 활용해 대중화 기회를 제공한다.





최근 배스킨라빈스의 상생 협력 사례로 프리미엄 디저트 카페 '노티드(Knotted)', 스페셜티 커피 전문점 '프",http://www.naeil.com/news_view/?id_art=471790
2100801.202,2100801,2023.10.25,20231025,아시아경제,정진,"베베숲 아기세제, 침구 브랜드 ‘누비지오’와 콜라보 진행","7년 연속 물티슈 국내 판매 1위 베베숲이 침구 브랜드 ‘누비지오’와 함께 25일부터 29일까지 특별 콜라보 이벤트를 진행한다고 밝혔다.

이번 콜라보는 품절 대란을 일으켰던 베베숲 홈의 ‘패브릭 케어세트’와 누비지오의 ‘미피 알러지 케어 침구세트’가 만나 한정 수량 50% 할인 이벤트를 진행하며 누비지오 홈페이지에서 구매 가능하다. 가을 환절기에 따뜻한 침구로 교체하는 수요가 증가되는 시즌에 맞춰 주목할 만한 육아 필수템들이 함께하는 콜라보 이벤트로 벌써부터 많은 기대를 모으고 있다.

창립 24주년을 맞은 누비지오는 기획 단계에서 생산에 이르기까지, 자체 생산으로 믿을 수 있는 철저한 공정 과정으로 매 시즌 특별한 제품을 선보이고 있다. 특히 기능성 알러지 케어 소재로 피부가 연약한 아이들도 걱정 없이 사용할 수 있으며, 이번 콜라보에서는 귀여운 캐릭터까지 더해져 베스트 상품인 ‘미피 알러지 케어 침구 세트’가 준비되어 있다.

또한, 할인 이벤트 외에도 베베숲 인스타그램에서 ‘베베숲X누비지오 콜라보 이벤트’를 추가 진행한다. 누비지오의 24주년 기획세트 판매 소식과 베베숲과 누비지오의 콜라보 이벤트를 축하 댓글을 남기면 추첨을 통해 미피 알러지케어 차렵이불 (5명), 베베숲 홈 세탁세제·유연제 (3명) , 베베숲 홈 주방세제 (2명), 총 10명에게 경품을 증정한다.

한편, 베베숲 홈 아기 세탁세제는 잔여물 걱정 없이 삶은 듯 깨끗하게 세탁되는 제품으로, 향료를 제외한 모든 성분을 EWG ALL GREEN 등급의 안심 성분으로 사용했다. 순한 성분으로도 생활 속 다양한 오염원을 깨끗하게 세척할 수 있으며, 탈취력 테스트를 완료해 햇볕에 말린 듯 실내 건조에 탁월한 세제로 자리매김했다. 지난 베이비페어에 이어 올해 베이비페어에서도 뜨거운 반응을 얻어 연일 품절 대란을 일으키기도 했다.

베베숲 관계자는 “누비지오와 함께 좋은 기회로 고객들에게 이벤트를 선보일 수 있게 됐다”며, “이번 이벤트를 통해 많은 분들에게 베베숲과 누비지오를 알리고자 푸짐한 경품과 특별한 혜택을 준비했으니 많은 기대 부탁드린다”고 전했다.

정진 기자 peng1@asiae.co.kr",https://view.asiae.co.kr/article/2023102509181310224
1600201.202,1600201,2023.10.24,20231024,광주매일신문,,‘미켈레 끼아를로’ 와인 판매,롯데백화점이 한국 대표 작가 ‘박선기’와 이탈리아 대표 와이너리가 아트콜라보한 ‘미켈레 끼아를로’ 와인을 단독으로 판매한다.<롯데백화점 제공>,http://www.kjdaily.com/news_view.php?n=614033&tmp=20231024&s=4
1500701.202,1500701,2023.8.16,20230816,부산일보,박지훈,"컴포즈커피, 스테이씨(STAYC)와 콜라보 음료 '틴프레시 에이드' 출시","컴포즈커피가 그룹 스테이씨(STAYC)와 손잡고 9월 15일까지 여름 시즌 음료 ‘스테이씨 TEENFRESH(틴프레시) 에이드’를 새롭게 선보인다.

컴포즈커피는 스테이씨의 세 번째 미니앨범 ‘TEENFRESH(틴프레시)’ 발매를 기념해 팬들을 설레게 할 콜라보 음료와 프로모션을 준비했다. 특히 이번 컴백 앨범을 콘셉트로 한 신메뉴를 기획해 그 의미를 더했다.

콜라보 음료 ‘스테이씨 틴프레시 에이드’는 이름 그대로 스테이씨만의 강점인 틴프레시 매력을 더욱 극대화한 오렌지맛 탄산 에이드다. 탱글한 화이트펄이 주를 이루는 영롱한 비주얼과 청량하고 상큼한 맛이 어우러져 무더운 여름철 활력을 선사한다.

컴포즈커피는 스테이씨와의 협업을 기념하여 신메뉴 구매 고객을 대상으로 한 특별 이벤트도 진행한다. ‘스테이씨 틴프레시 에이드’를 1잔 구매 시, 스테이씨 포토카드 1장을 랜덤으로 증정한다. 포토카드는 스테이씨의 단체 이미지와 개인 이미지를 포함한 총 14종으로 구성됐다.

컴포즈커피 관계자는 “컴포즈커피를 사랑해주시는 고객과 팬들에게 신선한 경험을 선사하고자 스테이씨와 함께 콜라보 음료를 선보이게 됐다”며 “스테이씨의 틴프레시 매력과 이번 신메뉴의 환상적인 조합으로 여름철 더위를 상쾌하게 날려보시길 바란다”고 말했다.",https://www.busan.com/view/busan/view.php?code=2023081614524945311
1500701.202,1500701,2023.9.4,20230904,부산일보,김진호,"우리카드, ‘망그러진곰’ 한정판 디자인 출시","우리금융지주 자회사인 우리카드(사장 박완식)는 인기 캐릭터 ‘망그러진곰’과 콜라보한 한정판 디자인을 출시했다고 4일 밝혔다.



이번 콜라보로 지난달 출시한 신상품 ‘카드의정석 에브리1’에 망그러진곰 디자인 2종이 추가됐다.



내년 8월 말까지 1년간 발급 가능한 한정판 디자인으로 카드 플레이트뿐만 아니라 상품안내장, 배송 세트까지 망그러진곰 에디션으로 받아볼 수 있다.



디자인은 망그러진곰 팬과 우리카드 고객의 선호도 조사 및 투표를 통해 결정됐다. 약 3만 명이 참여했고 △행운망곰 △대왕망곰이 최종 선정됐다.



콜라보 디자인 출시를 기념해 이벤트를 진행한다. 해당 카드를 발급 받는 선착순 1만 명 고객은 카드 수령 시 망그러진곰 한정판 스티커 2매를 함께 받을 수 있다. 내달 말까지 우리카드 공식 인스타그램을 팔로우하고 망그러진곰 캐릭터를 직접 그려 인스타그램에 게시한 고객 중 10명을 추첨해 망그러진곰 쿠션 등 스페셜 굿즈도 증정한다.



우리카드 관계자는 “MZ세대에 인기 있는 캐릭터와 콜라보한 카드를 출시해 고객 기반을 확대할 수 있을 것이라 기대한다”며 “앞으로도 혜택과 디자인 모두를 충족시키는 카드를 출시할 예정이니 많은 관심 부탁드린다”고 말했다.



상품 및 이벤트에 대한 자세한 내용은 우리카드 홈페이지 및 우리원카드 앱을 통해 확인 가능하다.",https://www.busan.com/view/busan/view.php?code=2023090411375720437
2100601.202,2100601,2023.9.1,20230901,한국경제,,삼성전자 '더 프레임 디즈니 100주년 에디션' 출시 기념 '디즈니 콜라보 전시' 오픈,"삼성전자가 라이프스타일 TV ‘더 프레임 디즈니 100주년 에디션’ 공식 출시를 맞아 삼성 강남 2층에서 ‘디즈니 콜라보 전시’를 운영한다고 1일 밝혔다.

17일까지 운영하는 ‘디즈니 콜라보 전시’에서는 ‘더 프레임 디즈니 100주년 에디션’과 다양한 디즈니 콜라보 모바일 액세서리를 함께 만나볼 수 있다.

디즈니 100주년을 기념해 선보인 이번 에디션은 ▲’삼성 X 디즈니100′ 온스크린 로고 적용 ▲’디즈니100’ 로고가 새겨진 세련된 플래티넘 실버 메탈 베젤 탑재 ▲디즈니 인기 캐릭터 미키 마우스를 닮은 디즈니 100주년 에디션 솔라셀 리모트 등을 제공한다.

또한 더 프레임 예술 작품 구독 서비스 ‘아트 스토어’를 통해 ‘월트 디즈니’, ‘픽사 애니메이션’, ‘마블’, ‘내셔널지오그래픽’ 등 아트 컬렉션 100점을 이번 스페셜 에디션을 통해 감상할 수 있다.


삼성 강남 ‘디즈니 콜라보 전시’에서는 디즈니와 협업한 갤럭시 Z 플립5 수트 케이스와 플립 수트 카드, 갤럭시 S23 케이스, 갤럭시 워치6 시리즈 스트랩 등 다양한 콜라보 액세서리를 만나볼 수 있으며 디즈니 자체 제품이 전시되는 공간도 마련되어 있다.

삼성닷컴과 갤럭시 캠퍼스에서 디즈니 콜라보 모바일 액세서리를 구매하고 삼성 강남에서 제품을 픽업하는 고객을 대상으로 커피 쿠폰 증정 이벤트도 진행한다.

‘더 프레임 디즈니 100주년 에디션’은 1일부터 삼성닷컴을 통해 판매를 시작한다. 1일 오후 7시에는 삼성닷컴에서 라이브 커머스로도 만나볼 수 있다.

삼성전자는 ‘더 프레임 디즈니 100주년 에디션’ 공식 출시를 맞아 풍성한 구매 혜택도 준비했다. 삼성닷컴에서 더 프레임 디즈니 100주년 에디션을 구매하는 고객에게는 디즈니 100주년 피크닉 스테인리스 컵과 요기요 모바일 상품권 3만원권을 제공한다. 또한, ‘더 세리프’를 기준가에서 최대 50만 원 추가 할인된 가격으로 구매할 수 있는 할인 쿠폰을 증정하고 사전 알림 신청 후 구매한 고객을 대상으로 다양한 디즈니 캐릭터를 활용한 디퓨저를 추가로 제공한다.

삼성전자 관계자는 “‘더 프레임 디즈니 100주년 에디션’ 출시를 맞아 오픈한 삼성 강남 ‘디즈니 콜라보 전시’에서 더 프레임 디즈니 100주년 에디션만의 디자인과 콘텐츠를 직접 보실 수 있을 것”이라며, “앞으로도 새롭고 다채로운 콘텐츠 경험을 하실 수 있도록 다양한 브랜드 협업 기회를 강화해 나갈 예정”이라고 전했다.

자세한 내용은 삼성닷컴에서 확인할 수 있다.

한경닷컴 뉴스룸 open@hankyung.com",https://www.hankyung.com/article/202309017153O
2100501.202,2100501,2023.9.4,20230904,파이낸셜뉴스,김예지 기자 (yesji@fnnews.com),"""망그러진곰 덕후 모이세요"" 우리카드, '망그러진곰' 콜라보 한정판 디자인 출시","우리카드 제공
지난 4월부터 3만명 참여한 선호도 조사 통해 행운망곰, 대왕망곰 디자인 2종 선정 출시 기념 이벤트 진행...망그러진곰 한정판 스티커 2매, 스페셜 굿즈 등 증정


[파이낸셜뉴스] 우리카드가 인기 캐릭터 ‘망그러진곰’과 콜라보한 한정판 디자인을 출시했다고 4일 밝혔다.

이번 콜라보로 지난달 출시한 신상품 ‘카드의정석 에브리원(EVERY 1)’에 ‘망그러진곰’ 디자인 2종이 추가됐다. 내년 8월 말까지 1년간 발급 가능한 한정판 디자인이며 카드 플레이트뿐만 아니라 상품안내장, 배송 세트까지 망그러진곰 에디션으로 받아볼 수 있다. 카드 혜택은 ‘카드의정석 EVERY 1’과 동일하다.

디자인은 망그러진곰 팬과 우리카드 고객의 선호도 조사 및 투표를 통해 결정됐다. 지난 4월부터 망그러진곰 인스타그램 계정을 통해 5개 컨셉의 디자인 선호도 조사를 진행한 결과 △행운망곰 △대왕망곰이 각각 2만9000개, 2만1000개의 투표를 받아 최종 선정됐다.

우리카드는 콜라보 디자인 출시를 기념해 이벤트를 진행한다. 해당 카드를 발급받는 선착순 1만명 고객은 카드 수령 시 망그러진곰 한정판 스티커 2매를 함께 받을 수 있다. 오는 10월 말까지 우리카드 공식 인스타그램을 팔로우하고 망그러진곰 캐릭터를 직접 그려 인스타그램에 게시한 고객 중 10명을 추첨해 망그러진곰 쿠션 등 스페셜 굿즈도 증정한다.

우리카드 관계자는“MZ세대에 인기 있는 캐릭터와 콜라보한 카드를 출시해 고객 기반을 확대할 수 있을 것이라 기대한다”며 “앞으로 혜택과 디자인 모두를 충족시키는 카드를 출시할 예정이니 많은 관심 부탁드린다”고 전했다.",http://www.fnnews.com/news/202309041439489288
2100501.202,2100501,2023.8.22,20230822,파이낸셜뉴스,장유하 기자 (welcome@fnnews.com),"""KCC와 마시마로 콜라보 팝업스토어 김포 상륙""","KCC와 마시마로 콜라보 세 번째 팝업스토어(롯데백화점 김포공항점)를 방문한 고객들이 매장을 둘러보고 있다. KCC 제공

[파이낸셜뉴스] KCC가 KCC 페인트와 캐릭터 마시마로의 세 번째 콜라보 팝업스토어를 롯데백화점 김포공항점에서 오는 31일까지 선보인다.

22일 KCC에 따르면 이번 콜라보는 지난 7월 현대백화점 판교점과 천호점을 운영하며 받은 많은 관심에 보답하기 위해 기획됐다. 롯데백화점 김포공항점 GF층에 마련된 팝업스토어는 '숲으로 간 마시마로' 컨셉으로 다양한 크기의 인형과 한정판 에코백, 캐릭터 상품등 다양한 굿즈를 즐길 수 있도록 꾸몄다. 입구에 위치한 1m짜리 대형 마시마로 뒤로 페인트통에서 쏟아지는 녹색 페인트 조형물을 구성해 KCC 페인트 숲으로를 알리는 동시에 친환경성을 표현했다.

팝업스토어에서는 KCC 페인트와 마시마로의 협업으로 완성한 3종 아트워크가 인쇄된 한정판 에코백을 구매하면, 친환경 수성페인트 '숲으로 셀프' 페인트통과 꽃씨를 담은 굿즈 패키지를 무료로 제공한다. 페인트통에 동봉된 흙을 담아 꽃씨를 뿌려 직접 키워볼 수 있도록 구성한 체험형 패키지다.

KCC는 마시마로 콜라보 팝업스토어를 기념해 SNS이벤트도 진행한다. 숲으로 인스타그램을 팔로우하고, 숲으로 간 마시마로 팝업스토어 방문 인증샷을 해시태그와 함께 스토리나 피드에 업로드하면 20명을 추첨해 현대백화점 상품권 1만원권을 증정한다.

성지현 KCC 브랜드 커뮤니케이션팀 책임은 ""KCC페인트와 마시마로의 협업이 KCC 페인트의 이미지를 더 친근하게 느껴질 수 있도록 한 것 같다""며 ""앞으로도 오프라인에서 소비자와 직접 만나 소통할 수 있는 다양한 마케팅에 집중할 예정""이라고 말했다.",http://www.fnnews.com/news/202308220900034140
7100501.202,7100501,2023.9.18,20230918,전자신문,조재학,"이스트시큐리티, 패션 브랜드 '발란사'와 이색 콜라보 상품 출시","이스트시큐리티가 스트리트 패션 브랜드 편집숍 '발란사(Balansa)'와 콜라보레이션 상품을 출시한다.

발란사는 부산지역을 연고로 다양한 빈티지 아이템과 음악 관련 상품을 판매하는 서브컬쳐 편집숍이다.

출시하는 알약X발란사 콜라보레이션 컬렉션은 총 10가지 제품으로 구성됐다. 로고 티셔츠, 나일론 캡, 양말, 키링, 짐색, 휴대폰 케이스와 같은 다양한 제품을 선보인다. 두 브랜드의 시그니처 로고와 알약 캐릭터를 발란사 특유의 스트리트 감성으로 재해석했다.

손승완 이스트시큐리티 알약그린실장은 “대표적인 보안 서비스인 '알약'의 캐릭터를 활용해 알약M 3.0의 트렌디한 이미지를 전달하고, 이색 콜라보에 관심이 많은 MZ세대 고객층을 확대하고자 발란사와 경계를 넘는 콜라보 상품을 출시하게 됐다”고 설명했다.

조재학 기자 2jh@etnews.com",http://www.etnews.com/20230918000225
2100701.202,2100701,2023.9.4,20230904,헤럴드경제,홍승희 기자,"우리카드, ‘망그러진곰’ 그려진 카드의정석 출시","[우리카드 제공]
[헤럴드경제=홍승희 기자] 우리금융지주 자회사인 우리카드가 인기 캐릭터 ‘망그러진곰’과 콜라보한 한정판 디자인을 출시했다고 4일 밝혔다.

이번 콜라보로 지난달 출시한 신상품 ‘카드의정석 EVERY 1’에 ‘망그러진곰’ 디자인 2종이 추가됐다. 내년 8월 말까지 1년간 발급 가능한 한정판 디자인이며 카드 플레이트뿐만 아니라 상품안내장, 배송 세트까지 망그러진곰 에디션으로 받아볼 수 있다. 카드 혜택은 ‘카드의정석 EVERY 1’과 동일하다. 디자인은 망그러진곰 팬과 우리카드 고객의 선호도 조사 및 투표를 통해 엄선됐다.

콜라보 디자인 출시를 기념해 이벤트를 진행한다. 해당 카드를 발급받는 선착순 1만명 고객은 카드 수령 시 망그러진곰 한정판 스티커 2매를 함께 받을 수 있다. 내달 말까지 우리카드 공식 인스타그램을 팔로우하고 망그러진곰 캐릭터를 직접 그려 인스타그램에 게시한 고객 중 10명을 추첨해 망그러진곰 쿠션 등 스페셜 굿즈도 증정한다.

우리카드 관계자는“MZ세대에 인기 있는 캐릭터와 콜라보한 카드를 출시해 고객 기반을 확대할 수 있을 것이라 기대한다”며 “앞으로 혜택과 디자인 모두를 충족시키는 카드를 출시할 예정이니 많은 관심 부탁드린다”고 전했다.

연회비는 1만2000원이고 상품 및 이벤트에 대한 자세한 내용은 우리카드 홈페이지 및 우리WON카드 앱을 통해 확인 가능하다.



hss@heraldcorp.com",http://biz.heraldcorp.com/view.php?ud=20230904000309
1100701.202,1100701,2023.8.17,20230817,세계일보,김현주,"컴포즈커피, 스테이씨(STAYC)와 콜라보 음료 출시","컴포즈커피가 그룹 스테이씨(STAYC)와 손잡고 9월 15일까지 여름 시즌 음료 ‘스테이씨 TEENFRESH(틴프레시) 에이드’를 새롭게 선보인다.

컴포즈커피는 스테이씨의 세 번째 미니앨범 ‘TEENFRESH(틴프레시)’ 발매를 기념해 팬들을 설레게 할 콜라보 음료와 프로모션을 준비했다. 특히 이번 컴백 앨범을 콘셉트로 한 신메뉴를 기획해 그 의미를 더했다.

콜라보 음료 ‘스테이씨 틴프레시 에이드’는 이름 그대로 스테이씨만의 강점인 틴프레시 매력을 더욱 극대화한 오렌지맛 탄산 에이드다. 탱글한 화이트펄이 주를 이루는 영롱한 비주얼과 청량하고 상큼한 맛이 어우러져 무더운 여름철 활력을 선사한다.

컴포즈커피는 스테이씨와의 협업을 기념하여 신메뉴 구매 고객을 대상으로 한 특별 이벤트도 진행한다. ‘스테이씨 틴프레시 에이드’를 1잔 구매 시, 스테이씨 포토카드 1장을 랜덤으로 증정한다. 포토카드는 스테이씨의 단체 이미지와 개인 이미지를 포함한 총 14종으로 구성됐다.

컴포즈커피 관계자는 “컴포즈커피를 사랑해주시는 고객과 팬들에게 신선한 경험을 선사하고자 스테이씨와 함께 콜라보 음료를 선보이게 됐다”며 “스테이씨의 틴프레시 매력과 이번 신메뉴의 환상적인 조합으로 여름철 더위를 상쾌하게 날려보시길 바란다”고 말했다.


김현주 기자 hjk@segye.com",http://www.segye.com/content/html/2023/08/16/20230816514390.html
2100801.202,2100801,2023.10.29,20231029,아시아경제,이민지,"CU, 명탐정 코난 콜라보 상품 2탄 출시","모델이 명탐정 코난 콜라보 제품을 소개하고 있다. [사진제공=BGF리테일]
CU가 애니메이션 ‘명탐정 코난’의 인기에 힘입어 오는 31일 콜라보 상품 2탄을 선보인다고 29일 밝혔다.

지난 7월 개봉한 명탐정 코난의 26번째 극장판 영화 ‘흑철의 어영’은 누적 관객 수 78만명을 동원하며 국내 개봉한 극장판 시리즈 중 최고 흥행 기록을 경신했다. 당시 CU는 ‘명탐정 코난: 흑철의 어영’ 개봉에 맞춰 샌드위치, 주먹볼, 구운란, 젤리 등 콜라보 상품 4종을 출시했다. 해당 상품들은 매니아 층의 입소문을 타고 출시 3개월 만에 누적 판매량 100만개를 달성했다.

이번에 선보이는 명탐정 코난 콜라보 상품 2탄은 총 6종으로, 1탄과 마찬가지로 애니메이션 속 세계관을 충실히 반영했다. 각 상품에는 명탐정 코난에 등장하는 캐릭터들을 그려 넣은 80종의 띠부씰을 넣어 팬들의 수집 욕구를 높였다.

CU는 알약 모양 젤리에 이어 코난이 추리할 때 사용하는 음성변조 나비넥타이 모양으로 만든 ‘명탐정 코난 리본젤리 딸기맛(1900원)’을 선보인다. ‘포와로 나폴리탄 파스타(4,900원)’은 코난이 신세를 지고 있는 유명한 탐정 사무소 건물 1층에 있는 카페 포와로의 인기 메뉴를 구현한 상품이며, 카레밥과 찐 감자 토핑이 어우러진 ‘햄 감자 카레 삼각김밥(1200원)’도 출시한다.

이외에도 명탐정 코난의 스핀오프 ‘제로의 일상’에 나온 유명 카레 맛집 메뉴를 콘셉트로 해 기획한 ‘감자듬뿍 카레 유부초밥(3,800원)’도 있다. 상품명처럼 카레밥에 감자 토핑을 듬뿍 올려 든든함을 더했다. 명탐정 코난의 에피소드 중 '의혹의 매운 맛 카레' 편을 참고해 만든 ‘의혹의 매운 맛 카레버거(3700원)’와 매운 맛 카레에 감자, 구운 그린 빈, 치킨 가라아게 등 풍성한 토핑이 들어간 ‘의혹의 매운 맛 카레 도시락(4600원)’도 내놓는다.

CU는 출시를 기념해 11월 1일부터 21일까지 자체 커머스 앱 포켓 CU에서 ‘코난의 리본 젤리를 훔친 범인을 찾아라’ 퍼즐 맞추기 이벤트를 진행한다. 콜라보 상품을 1개 구매 및 포인트 적립할 때마다 퍼즐 1개를 열 수 있으며, 퍼즐 속 힌트를 통해 범인을 추리한 후 이벤트에 응모하면 된다. 정답을 맞힌 고객들에게는 추첨을 통해 코난 쿠션(10명), 명탐정 코난 흑철의 어영 CGV 4DX 영화 관람권(30명), 명탐정 코난 리본젤리 1박스(20명)를 증정한다.

김광민 BGF리테일 상품개발팀 MD는 “캐릭터 콜라보 상품들의 매출이 작년은 직전년도 대비 12배, 올해는 3배의 매출 신장률을 보이고 있다”며 “캐릭터 콜라보 열풍에 따라 앞으로도 다양한 인기 캐릭터를 입힌 CU만의 차별화 상품을 지속적으로 선보일 예정”이라고 말했다.

이민지 기자 ming@asiae.co.kr",https://view.asiae.co.kr/article/2023102908164513991
1100701.202,1100701,2023.8.31,20230831,세계일보,김정환,"락토핏, 올리브영서 ‘망그러진곰’과의 한정판 콜라보 선봬","종근당건강의 ‘락토핏’이 MZ세대 사이에서 인기 있는 ‘망그러진곰’ 캐릭터와의 콜라보 제품을 올리브영에 단독으로 출시한다.

이번에 출시되는 락토핏 X 망그러진곰 한정판 에디션은 가을철 나들이 시즌을 맞아 캐릭터가 들어간 스페셜 패키지와 미니 에코백으로 구성됐다.

특히 제품 박스부터 내부 스틱 포까지 망그러진곰 일러스트를 전면 삽입하여 구매하는 순간부터 섭취 시까지 기분 좋은 경험을 선사한다. 소장가치 높은 굿즈로 손색없어 한정판으로써 의미를 더한다. 함께 제공되는 미니 에코백은, 망그러진곰을 좋아하는 남녀노소 누구나 언제 어디서든 가볍게 들고 다닐 수 있는로 실용성과 귀여움을 한 번에 잡은 제품으로, 가을 나들이용으로 더할 나위 없는 굿즈가 될 것으로 보인다.

‘락토핏 골드 망글곰 에디션’은 8월 31일부터 오직 올리브영에서만 만나볼 수 있으며, 재고 소진 시 판매는 조기종료 될 예정이다.

한편, 락토핏은 지난 6월 카카오선물하기에서 망그러진곰 콜라보 기획세트를 출시한 바 있다. 나들이 시즌을 맞아 출시된 망그러진곰 피크닉세트는 출시 당일 최근 3개월 대비 일일 판매액이 약 2,000% 상승하며 세간의 이목을 집중시켰다.

업계에서는 인지도, 선호도, 고객만족도 측면에서 1등을 차지하며(칸타월드패널, 2022) 그랜드슬램을 달성한 락토핏이 이제는 적극적인 컬래버를 통해 새로운 바람을 일으킨다고 평하고 있다.

락토핏 담당자는 “망그러진곰과 처음으로 진행했던 피크닉매트 콜라보가 맘키즈 고객은 물론 MZ세대에게까지 큰 반향을 일으켰다.”며, “그 성원에 보답하고자 망그러진곰과의 또 다른 새로운 콜라보를 기획했고, 맘키즈와 MZ세대 모두 이를 통해 즐거움을 느끼셨으면 좋겠다”고 말했다. 대한민국을 대표하는 유산균 브랜드로서, 더 재미있는 콜라보레이션을 통해 즐거운 유산균 소비문화를 만들어가는데 앞장설 락토핏의 미래가 기대된다.


김정환 기자 hwani89@segye.com",http://www.segye.com/content/html/2023/08/30/20230830506796.html
2100311.202,2100311,2023.9.1,20230901,서울경제,김동호 기자,"비스포크 향수 브랜드 메종 21G, 서울옥션과 협업하여 ‘Connect’ 팝업 전시 개최","프리미엄 비스포크 퍼퓨머리 브랜드 메종 21G(Maison 21G)가 서울옥션과 콜라보 제품을 출시했다. 메종 21G와 서울옥션 콜라보 제품은 9월 1일(금)부터 9월 10일(일)까지 메종 21G 공식 홈페이지와 서울옥션 강남센터 3층에서 열리는 메종21G Connect 전시에서 구매가 가능하며, 한정 판매로 진행된다. 세계적인 조향사이자 메종 21G의 창립자인 Johanna Monange가 직접 조향에 참여한 이번 작품은 총 3가지이다. 서울옥션의 우아하고 세련된 감성을 담은 Connect, Seoul Auction 리드 디퓨저 제품(246,000원)과 한국 예술 사조의 큰 흐름인 단색화(Monochrome)와 실험미술(Avant-garde]를 담아낸 오 드 퍼퓸 2종(각 216,000원, 168,000원)이 출시된다. 각 작품은 세계적인 Johanna Monange의 서울옥션과 한국의 단색화, 실험미술에 대한 감상을 향기로 담아낸다. 세계적인 거장과 우아한 감성의 서울옥션의 콜라보 작품은 다가오는 9월 1일(금)부터 10일(일)까지 서울옥션 강남센터 3층에서 무료로 진행되는 메종 21G Connect 전시부스에서 직접 시향하고 구매할 수 있다. 메종21G 관계자는 ""세계적인 거장과 국내 예술 경매의 흐름을 주도하는 서울옥션의 만남으로 탄생한 작품을 많이 기대해 주셨으면 좋겠다. 서울옥션 강남센터에서 진행되는 Connect 전시에 콜라보 작품뿐만 아니라 다양한 볼거리와 프로모션이 진행되니 많은 참여를 부탁드린다.""고 전했다.",http://www.sedaily.com/NewsView/29UII22YSF
2100801.202,2100801,2023.8.31,20230831,아시아경제,정진,"1등 유산균 락토핏, 1등 귀여움 망그러진 곰 캐릭터와 한정판 콜라보 진행","종근당건강의 ‘락토핏’이 MZ세대 사이에서 인기 있는 ‘망그러진곰’ 캐릭터와의 콜라보 제품을 올리브영에 단독으로 출시한다.

이번에 출시되는 락토핏 X 망그러진곰 한정판 에디션은 가을철 나들이 시즌을 맞아 캐릭터가 들어간 스페셜 패키지와 미니 에코백으로 구성됐다.

특히 제품 박스부터 내부 스틱 포까지 망그러진곰 일러스트를 전면 삽입하여 구매하는 순간부터 섭취 시까지 기분 좋은 경험을 선사한다. 소장가치 높은 굿즈로 손색없어 한정판으로써 의미를 더한다. 함께 제공되는 미니 에코백은, 망그러진곰을 좋아하는 남녀노소 누구나 언제 어디서든 가볍게 들고 다닐 수 있는로 실용성과 귀여움을 한 번에 잡은 제품으로, 가을 나들이용으로 더할 나위 없는 굿즈가 될 것으로 보인다.

‘락토핏 골드 망글곰 에디션’은 8월 31일부터 오직 올리브영에서만 만나볼 수 있으며, 재고 소진 시 판매는 조기종료 될 예정이다.

한편, 락토핏은 지난 6월 카카오선물하기에서 망그러진곰 콜라보 기획세트를 출시한 바 있다. 나들이 시즌을 맞아 출시된 망그러진곰 피크닉세트는 출시 당일 최근 3개월 대비 일일 판매액이 약 2,000% 상승하며 세간의 이목을 집중시켰다.

업계에서는 인지도, 선호도, 고객만족도 측면에서 1등을 차지하며(칸타월드패널, 2022) 그랜드슬램을 달성한 락토핏이 이제는 적극적인 컬래버를 통해 건강기능식품 업계에 새로운 바람을 일으킨다고 평하고 있다.

락토핏 담당자는 “망그러진곰과 처음으로 진행했던 피크닉매트 콜라보가 맘키즈 고객은 물론 MZ세대에게까지 큰 반향을 일으켰다.”며, “그 성원에 보답하고자 망그러진곰과의 또 다른 새로운 콜라보를 기획했고, 맘키즈와 MZ세대 모두 이를 통해 즐거움을 느끼셨으면 좋겠다”고 말했다. 대한민국을 대표하는 유산균 브랜드로서, 더 재미있는 콜라보레이션을 통해 즐거운 유산균 소비문화를 만들어가는데 앞장설 락토핏의 미래가 기대된다.

정진 기자 peng1@asiae.co.kr",https://view.asiae.co.kr/article/2023083011030904901
2100851.202,2100851,2023.8.18,20230818,아주경제,김봉철,"​롯데칠성음료, '마주앙 달항아리' 출시 와인에 전통 민화 디자인 접목","아트 콜라보 에디션 2탄
마주앙 달항아리 [사진=롯데칠성음료]
롯데칠성음료가 지난해에 이어 올해도 예술 작품과 콜라보한 마주앙 아트 콜라보 에디션을 선보인다고 18일 밝혔다.
 
올해 한정 출시되는 ‘마주앙 달항아리’ 2종은 국내 소비자들에게 가장 오랜 기간 동안 사랑받은 한국 최고(最古)의 와인 ‘마주앙’의 브랜드 가치를 새롭게 알리고자 기획됐다.
 
국내 소비자들의 선호에 맞춰 풍부한 아로마와 탄닌의 부드러운 느낌을 강조한 ‘마주앙 달항아리’ 2종은 칠레의 부티크 와인 산업을 이끌어가는 ‘비냐 아키타니아(Vina Aquitania)’ 와이너리와 협업해 만들었다.
 
서로 다른 2종류의 라벨 디자인을 담은 ‘마주앙 달항아리’는 각 1만2000병, 총 2만4000병을 한정 판매한다. 마주앙 달항아리 2종은 대형마트, 백화점, 편의점 등 다양한 채널을 통해 판매될 예정이다. 알코올 도수는 13.5도, 까베르네소비뇽 품종 100%를 사용한 레드와인이다.
 
라벨 디자인 역시 오랜 기간 동안 한국인의 삶 속에서 생활용품 및 다양한 예술작품의 소재로 사용된 달항아리를 주제로 그려진 민화 2종을 택해 ‘한국인의 취향 맞춤’이란 와인의 콘셉트를 이어갔다.
 
이번 라벨디자인은 미국, 오스트리아, 중국 등지에서 민화 전시회에 참여하며 국내외에서 활발히 민화를 알리고 있는 ‘소혜 김영식’ 작가와의 콜라보를 통해 제작됐다.
 
롯데칠성음료 관계자는 “마주앙 달항아리 2종은 가장 오랜 기간 소비자들에게 사랑받은 한국 와인 브랜드 마주앙의 브랜드 가치를 소비자에게 차별화해 전달하기 위해 기획했다”며 “판매 수익금 일부를 한국 미술 문화재와 관련된 단체에 기부하는 등 다양한 문화사업에도 적극 힘쓰겠다”고 말했다.
 
한편 롯데칠성음료는 지난해 간송미술관 소장 국보 도자기를 활용한 와인 ‘마주앙 뉘 생 조르쥬’, ‘마주앙 샴페인’ 2종을 출시한 바 있다.

아주경제=김봉철 기자 nicebong@ajunews.com",https://www.ajunews.com/view/20230818090134406
2100201.202,2100201,2023.10.6,20231006,머니투데이,서하나|기자,"[더벨]디딤이앤에프, 연안식당 팔도 콜라보 '비빔꼬막장' 론칭","[머니투데이 서하나 기자] 더벨'머니투데이 thebell'에 출고된 기사입니다.

글로벌 외식기업 디딤이앤에프가 6일 자사 브랜드인 연안식당과 팔도와의 상품개발 협약을 맺었다고 밝혔다. 콜라보 상품은 마켓컬리 플랫폼에 출시된다.

이번 콜라보 상품은 연안식당과 팔도의 대표 메뉴를 합쳐 만든 '비빔꼬막장'이다. 국내산 새꼬막으로 만든 연안식당의 '꼬막'과 팔도의 시그니처 양념인 '팔도비빔장'을 콜라보했다. 비빔꼬막장을 해동해 밥, 소면 등과 곁들이면 연안식당의 맛을 집에서 손쉽게 재현할 수 있다.

디딤이앤에프는 이번 제품을 통해 기존 및 신규 소비자들의 입맛을 모두 만족시킬 수 있을 것으로 기대하고 있다.

디딤이앤에프 관계자는 ""이번 팔도와의 협업으로 기존 시장에 존재하지 않던 새로운 조합의 상품을 고객들에게 선사할 수 있었다""며 ""지속적인 레스토랑 간편식(RMR) 상품 개발 및 강화를 통해 누구나 손쉽게 요리 할 수 있는 다양한 간편식을 만들어내겠다""고 말했다.

지난 7월 연안식당의 간편식인 연안식당 부추꼬막장과 달래꼬막장은 블루리본 서베이 인증을 받았다. 블루리본 서베이는 2005년 국내에서 최초로 발행된 레스토랑 가이드북이다. 팔도비빔면은 1984년 출시된 이후 17억개 이상 판매됐다. 비빔면 시장 점유율이 절반을 넘는다. 비빔라면 부문에서 2023년 올해의 브랜드 대상으로 선정됐다.",http://news.moneytoday.co.kr/view/mtview.php?no=2023100610359636490&type=2
2100501.202,2100501,2023.10.18,20231018,파이낸셜뉴스,정상희 기자 (wonder@fnnews.com),돌아온 후아유와 2023 미스코리아가 만났다...'ESG 데님' 공개,"[파이낸셜뉴스] 이랜드의 아메리칸 캐주얼 브랜드 후아유(WHO.A.U)가 2023 미스코리아 50명과 함께 'ESG 데님' 콜라보 캠페인을 공개했다. 후아유는 이번 캠페인을 시작으로 친환경 소재의 데님 상품군을 확대해나갈 예정이다.

18일 이랜드에 따르면 이번 캠페인에서는 후아유 4대 라이프 씬 중 '아웃도어 어드벤처'를 계승한 'ESG 데님' 콜라보 상품을 선보였다. ESG 데님 콜라보 팬츠는 화학약품 워싱 대신 오존 가공 방식을 채택해, 물과 화학약품 사용은 기존 대비 95% 줄이고, 전기 사용도 기존 대비 40% 절감하는 방식으로 생산됐다. 또한, 원조 직조 과정에서 낭비되는 최고급 섬유의 부산물들을 재활용한 소재를 사용해 지속가능성의 메시지를 담았다.

친환경에 대한 메시지를 알리기 위해 후아유는 2023 미스코리아 50명을 대상으로 라벨 디자인 공모전도 함께 펼쳤다. 라벨 디자인은 2023 미스코리아 '진'으로 당선된 최재원씨가 'ESG 데님 팬츠' 디자인 공모전에서도 채택됐다.

이랜드 후아유 관계자는 ""ESG 데님 팬츠는 후아유와 2023 미스코리아가 함께 친환경의 메시지를 전하고자 기획한 상품""이라며, ""후아유에서 지속가능한 지구를 위한 상품을 지속 출시하고, 이를 알리는 다양한 캠페인을 선보이겠다""라고 말했다.",http://www.fnnews.com/news/202310180950262520
2100101.202,2100101,2023.10.11,20231011,매일경제,이상덕 기자(asiris27@mk.co.kr),"펄어비스, 검은사막 아침의 나라 콜라보 스마트폰 케이스","펄어비스
(대표 허진영)는 최근 모바일 어페럴 브랜드 기키(GEEKY)와 손을 잡고 게임 ‘검은사막’의 신규 지역 ‘아침의 나라’를 테마로 한 스마트폰 케이스를 선보였다고 11일 밝혔다
이번 콜라보 제품은 조선 시대를 배경으로 한 ‘아침의 나라’ 지역의 독특한 요소를 바탕으로 디자인되었다. 제품 라인업에는 아침의 나라 콜라보 케이스, 검은사막 책갈피, 그리고 검은사막 PC 및 모바일용 쿠폰이 포함되어 있다.
스마트폰 케이스는 총 13종, 에어팟 케이스는 6종, 스마트톡은 7종, 그리고 에폭시 스마트톡은 3종으로 구성돼있다.",http://www.mk.co.kr/article/10847110
7101201.202,7101201,2023.8.18,20230818,디지털타임스,김수연,"힙합 탄생 50주년 맞아 `이색 콜라보` 봇물 ""고객 저변 확대""","'신세계X힙합플레이야 힙합 50주년 기념 팝업' 홍보 이미지. 신세계백화점 제공
힙합 탄생 50주년을 맞아 국내는 물론, 해외까지 이를 기념하는 행사가 이어지고 있는 가운데, 국내에서도 다수 브랜드와 힙합 간 이색 콜라보가 봇물을 이루고 있다. 이러한 협업으로 고객 저변을 힙합팬들로 확대할 수 있는 기회가 마련될 것으로 업계는 기대하고 있다.



18일 유통업계에 따르면, 신세계백화점은 힙합 탄생 50주년을 기념해 오는 24일까지 부산 센텀시티점에서 '힙합플레이야' 축제를 연다.



점포 지하 2층 중앙광장과 국내 최대 영패션 전문관 하이퍼그라운드에서 열리는 이번 행사는 힙합 아티스트들의 릴레이 공연과 토크쇼, 힙합 앨범 전시, 힙합 관련 상품 팝업매장 운영 등으로 이뤄졌다.



또 스카치 위스키 브랜드 몽키숄더는 국내 1세대DJ 크루로 불리는 360 Sounds와 콜라보 파티를 개최해 오고 있다.



지난 5일에는 DJ Crew 360 Sounds와 함께하는 'HIPHOP파티'를 열었다. 이어 12일에는 고성에서 'STRICTLY VINYL 썸머 캠프 2023'을 진행하는 등 꾸준한 힙합 콜라보를 실시하고 있다.



몽키숄더 관계자는 ""최근 이색적이고 신선한 경험을 추구하는 소비자 트렌드를 반영해 다양한 분야에서 대중들과 함께할 수 있는 프로그램을 꾸준히 기획하고 선보이려고 노력하고 있다""며 ""DJ 파티 외에도 전국의 바텐더들과 함께 진행하는 시그니처 칵테일 프로그램 '메이크 잇 몽키' 프로그램 등을 통해 몽키숄더 만의 매력을 누구나 느낄 수 있도록 다양한 프로그램을 마련해 나갈 것""이라고 전했다.



시바스는 래퍼 사이먼 도미닉과 콜라보한 한정판 세트를 선보였다.



이번 한정판 세트는 시바스 12년, 13년(라이, 셰리, 버번), 15년, 18년 등이 포함됐으며, 각 위스키 별로 사이먼 도미닉의 음악적 철학이 녹아든 대표곡의 가사가 포함된 박스 디자인이 특징이다. 사이먼 도미닉의 친필 사인이 들어간 전용잔도 함께 제작됐다. 사이먼 도미닉의 앨범 가사를 캘리그라피로 표현한 디자인 포스터도 선보인다.



이 밖에 글로벌 스포츠웨어 브랜드 푸마의 경우, 제이지가 설립한 음반사 락 네이션과 협업한 스니커즈를 선보였다. 이번에 선보인 스니커즈에는 근거리무선통신(NFC)가 내장돼 있으며, 이를 통해 힙합 장르 아티스트들의 미공개 트랙과 비하인드 콘텐츠가 매주 업데이트 한다.김수연기자 newsnews@dt.co.kr",http://www.dt.co.kr/contents.html?article_no=2023081802109932102001&ref=jeadan
1100501.202,1100501,2023.10.7,20231007,문화일보,박지웅,“이색 캐릭터 공간으로 젊은층 공략” 콜라보 팝업 마케팅 인기,"골프존GDR아카데미 X 위글위글 팝업스토어. 위글위글 제공
최근 스포츠부터 주류, 페인트 업계까지 산업군을 막론하고 젊은층을 공략하기 위한 ‘콜라보레이션(협업) 공간 마케팅’이 인기를 끌고 있다. 단순 구매보다는 공간 경험을 중요시하는 MZ세대를 사로 잡기 위해서다. 특히 기업들은 젊은층에게 친근한 캐릭터 브랜드와 함께 팝업스토어를 진행해 이미지 변화를 시도하고 있다.



골프존GDR아카데미 X 위글위글

코로나19 이후 2030 골프 입문자가 크게 증가하면서 골프존 GDR아카데미는 개성있는 디자인으로 최근 MZ세대에게 인기를 얻고 있는 ‘위글위글’과 협업해 한정판 굿즈를 발매하고 콜라보 팝업스토어를 운영한다고 7일 밝혔다.



오는 13일까지 GDR아카데미 강북미아점에서 진행되는 팝업스토어는 위글위글의 대표 지식재산권(IP) ‘위글베어’ 를 활용해 다채로운 공간을 연출했다. 특히 GDR PLUS 타석 공간에 독특한 분위기의 포토존을 마련, SNS 인증샷 이벤트를 진행한다. 위글베어 아트웍을 활용한 △드라이버 커버 △볼 파우치 △볼마커와 위글베어 골프공 세트 등 콜라보 한정판 굿즈 3종을 판매한다.



골프존 GDR아카데미 관계자는 “이번 브랜드 콜라보를 통해 고객에게 색다른 즐거움과 경험을 제공, 향후에도 고객 친화적인 마케팅 활동을 펼칠 예정이다”라며 “다양한 연령층이 GDR과 골프를 쉽고 재밌게 접할 수 있도록 브랜드 분위기 전환을 위해 끊임없이 노력하겠다”고 전했다.

KCC페인트 X 마시마로

페인트 업계도 이색 협업을 통한 공간 마케팅으로 소비자와 접점을 확대하고 있다. KCC페인트는 대한민국 토종 캐릭터인 마시마로와 협업해 지난 8월 롯데백화점 김포공항점에 세 번재 팝업스토어를 열었다. 앞서 7월에도 현대백화점 판교점과 천호점에 팝업스토어를 운영한 바 있다.



‘숲으로 간 마시마로’를 컨셉으로 콜라보 아트웍을 활용한 인형, 에코백 등 캐릭터 굿즈를 선보였다. 특히 입구에 위치한 1m 크기의 대형 마시마로 뒤로 쏟아지는 녹색 페인트 전시물을 통해 KCC의 페인트의 친환경성을 이미지로 표현했다.



KCC페인트는 기술적인 메시지가 아닌, 친근한 캐릭터를 이용해 브랜드 감성과 가치를 소비자에게 전달한다는 전략이다. KCC 관계자는 “페인트 제품이 소비자와 밀접하게 맞닿아있다는 점을 어필하기 위해 친근한 캐릭터 마시마로와 손잡았다”며 “제품의 장점을 기술적인 메시지로 전달하는 것이 아닌 소비자가 경험할 수 있는 감성과 가치로 다가가고자 했다”고 말했다.

보드카 앱솔루트 X 스티키몬스터랩

페르노리카코리아의 대표 프리미엄 보드카 앱솔루트는 스티키몬스터랩과 ‘앱솔루트 그라운드’ 팝업스토어를 최근 서울 광진구 건대 커먼그라운드에서 열었다. 당시 매장에는 오픈 열흘 만에 3000명이 넘게 방문하는 등 2030 젊은층의 발길이 이어졌다.



앱솔루트는 스티키몬스터랩과 함께 앱솔루트의 캠페인 ‘월드 오브 앱솔루트 칵테일(World of ABSOLUT COCKTAILS)’에 착안한 캐릭터를 팝업스토어 곳곳에 배치했다.



독특한 개성을 가진 스티키몬스터 캐릭터들의 생각과 경험이 어우러져 ‘긍정적 삶의 변화를 구현한다’는 앱솔루트 브랜드 철학을 젊은 감각으로 풀어냈다는 설명이다. 페르노리카코리아 관계자는 “스티키몬스터랩 외에도 트렌드를 선도하는 다양한 캐릭터 브랜드와 협업을 통해 문화와 예술을 이끌어가는 기업으로 자리매김하고 싶다”고 말했다.



박지웅 기자",http://www.munhwa.com/news/view.html?no=2023100701039910170001
2100101.202,2100101,2023.10.19,20231019,매일경제,안하나 MK스포츠 기자(mkculture2@mkculture.com),"‘오늘도 사랑스럽개’ 차은우X박규영, 원작과 같은 듯 다른 비주얼 포스터 공개","‘오늘도 사랑스럽개’가 3회 스페셜 포스터를 공개했다. 사진=MBC
웹툰 원작자 이혜 작가가 작화한 3회 콜라보 포스터 공개
그림으로 되짚어 보는 3회 명장면
‘오늘도 사랑스럽개’가 3회 스페셜 포스터를 공개했다.
지난 18일 오후 방송된 MBC 수요드라마 ‘오늘도 사랑스럽개’에서는 서로의 트라우마와 비밀을 감싸주며 조금씩 가까워지는 진서원(차은우 분)과 한해나(박규영 분)의 관계가 안방극장에 대리 설렘을 전달했다.
특히 서원이 해나와의 첫 만남부터 호감을 느껴 평소 그녀를 신경 쓰고 질투하고 있었다는 사실이 밝혀지면서 보는 이들의 심장 박동수를 높였고, 우연찮은 키스 이후 묘하게 달달해지는 두 사람의 모습이 다음 방송에서 펼쳐질 간질간질한 로맨스의 향방을 기대케 했다.
‘오늘도 사랑스럽개’ 동명의 네이버웹툰 원작자 이혜 작가가 작화한 3회 콜라보 포스터가 공개됐다.
지난주 1, 2회 명장면을 바탕으로 만들어진 1, 2회 콜라보 포스터가 각종 커뮤니티와 SNS에서 뜨거운 관심을 받은바, 오늘 공개된 3회 콜라보 포스터 또한 모두의 시선을 사로잡기 충분했다.
포스터 속에는 3회 방송 말미, 함께 동료 교사 결혼식장에 가기 위해 만난 서원과 해나가 윤채아(이서엘 분)의 눈을 피해 우산 뒤로 몸을 숨긴 장면이 담겼다.
차은우(진서원 역)와 박규영(한해나 역)은 웹툰에서 바로 튀어나온 것 같은 비주얼을 자랑했고 캐릭터와 착붙한 두 사람의 모습이 눈을 즐겁게 하며 3회 명장면을 되짚어 보게 했다. 의도치 않게 초밀착한 두 사람의 아슬아슬한 거리가 설렘을 폭발시키며 시청자들의 연애 세포를 일깨웠다.
한편 드라마 방영을 기념해 원작자 이혜 작가와의 콜라보 포스터는 추후에도 공개될 예정이다. 방송 직후 매주 목요일마다 공개되는 ‘오늘도 사랑스럽개’ 콜라보 포스터가 극에 대한 흥미를 자극하며 드라마를 기다리는 시청자들에게 선물 같은 시간이 되고 있다.
[안하나 MBN스타 기자]",http://www.mk.co.kr/article/10853864
2100501.202,2100501,2023.10.3,20231003,파이낸셜뉴스,정상희 기자 (wonder@fnnews.com),"향기와 패션이 만났다...에이피알, 포맨트X널디 한정판 향수 출시","포맨트x널디 '시그니처 퍼퓸 널디 판타지'
[파이낸셜뉴스] 에이피알이 퍼퓸&라이프스타일 브랜드 포맨트(FORMENT)와 스트릿 패션 브랜드 널디(NERDY)의 콜라보레이션 제품을 선보인다. 자사 브랜드 간 협업을 통해 시너지를 극대화할 것으로 기대된다.

3일 에이피알에 따르면 지난달 27일 론칭한 포맨트 '시그니처 퍼퓸 널디 판타지'는 에이피알의 대표 향 브랜드인 포맨트와 패션 브랜드인 널디의 콜라보 제품이다. 널디 플래그십 이전 오픈을 기념하여 출시된 이번 제품은 개성 있는 디자인과 '나'를 강조한 메시지로 젊은 층 지지를 받는 널디의 브랜딩 요소를 포맨트의 향수로 해석했다. 특히 지난 8월 개장한 '플래그십' 테마에 집중했으며 향수 이름 역시 플래그십 테마와 동일한 '널디 판타지'로 정했다.

제품의 외관은 널디를 떠올릴 수 있도록 기존 퍼퓸 패키지 위로 널디의 상징 컬러인 퍼플 띠지가 감쌌다. 바틀 역시 포맨트 향수 속으로 널디가 녹아 드는 듯 한 보라색 패턴 디자인과 정면의 로고 플레이가 적용됐다. '사람과 고양이가 함께 사는 세상'을 구현한 플래그십 테마에 맞춰 고양이가 할퀸 듯 한 강렬한 스크래치 디자인이 함께 적용됐다.

향은 널디의 레어하면서 반항적인 이미지를 살릴 수 있도록 구성됐다. 탑노트의 풋사과와 오렌지 향이 후각을 사로잡으면, 미들노트의 장미와 아이리스, 뮤게와 마린 어코드가 대조적인 구성으로 반항적이면서도 부드러운 이중적인 느낌을 준다.

이번 한정판 향수는 온라인에서 판매되고 있으며, 이날부터는 홍대에 위치한 널디 플래그십 스토어에서도 만나볼 수 있다.

에이피알은 향후 브랜드간 콜라보를 지속적으로 추진할 계획이다. 에이피알의 브랜드들이 '뷰티'와 '패션'을 주제로 각자의 영역을 구축한 만큼 긍정적이고 새로운 고객경험 확대에 콜라보가 큰 역할을 할 수 있다는 판단에서다. 포맨트의 경우 지난해 여름 '앱솔루트' 보드카에 이어 연초 JTBC의 '한문철의 블랙박스 리뷰'와 같은 방송 프로그램, 올해 7월엔 '포토그레이 연남점' 포토부스 등 다양한 콜라보 콘텐츠를 선보인 바 있다.

에이피알 관계자는 ""이번 콜라보를 통해 포맨트의 향과 널디의 개성을 섞어보려고 했다""며 ""에이피알의 브랜드들이 큰 성장세를 나타내는 만큼 향후 자사 브랜드간 교차 콜라보를 포함, 다양한 브랜딩 재고 방안을 검토하겠다""라고 밝혔다.",http://www.fnnews.com/news/202310022139432799
1100701.202,1100701,2023.10.13,20231013,세계일보,김현주,"유통업계, 귀여운 캐릭터 콜라보로 MZ세대 ‘덕심’ 자극","“귀여우면 게임 끝?!” ‘귀여움’이 지닌 매력이 지친 현대인에게 웃음과 즐거움, 나아가 힐링까지 선사하며 어른들의 ‘덕심’을 자극하고 있다. 귀여운 강아지나 아기의 웃는 영상 등이 SNS상에서 높은 조회 수를 기록하는 것 역시 ‘귀여움’의 힘을 증명한다.

이에 유통업계에서는 모양이나 행동이 앙증맞고 곱살스러운 캐릭터와의 협업을 통해 어른이(어른+어린이)의 성향을 가진 MZ세대 소비자의 마음을 공략하고 있다. 화장품 업계부터 식품ㆍ 주류업계에 이르기까지 유통업계의 다채로운 캐릭터 콜라보를 모았다.

피부장벽 전문 더모코스메틱 브랜드 리얼베리어(Real Barrier®)는 지난 10월 1일 ‘일상 속에 웃음을 주는 곰’이란 세계관을 지닌 거대한 곰 인형 캐릭터 ‘벨리곰’과 협업해 ‘리얼베리어 벨리곰 한정 익스트림 2종’을 선보였다. 익스트림 2종은 리얼베리어의 대표 보습 제품인 익스트림 크림과 익스트림 로션으로 큰 덩치로 사람을 놀래며 웃음을 주는 사랑스러운 캐릭터 ‘벨리곰’의 귀여움을 패키지에 고스란히 입혔다. 패키지뿐 아니라 이번 콜라보 제품 구매 시 구매처에 따라 벨리곰 인형 키링(열쇠고리), 스마트톡, 파우치를 증정해 ‘귀여움’에 열광하는 소비자들의 눈길을 잡아끈다.

리얼베리어 브랜드 담당자는 “10월 1일 출시한 ‘리얼베리어X벨리곰 한정 익스트림 크림 기획세트’가 행사 시작 5일만에 올리브영 온라인몰 전체 판매율 랭킹 1위를 달성했다”며 “귀여운 벨리곰의 셀럽 못지않은 인기를 실감하고 있다”고 말했다. 아울러 “약 11cm가량의 앙증맞은 벨리곰 키링은 이번 리얼베리어 콜라보에서 처음 선보이는 굿즈인 만큼 소장 가치도 높아 덕심을 자극하는 데 한몫을 한 것 같다”고 덧붙였다.

생활보습 바디 전문 브랜드 더마비(Derma:B)는 MZ세대의 취향을 저격하는 감성 캐릭터 ‘와사비 베어’와 협업해 ‘더마비X와사비베어 콜라보 3종’을 지난 10월 1일 한정 출시했다.

‘와사비베어’는 털 인형 핸드메이드 작가 ‘슈가레인’이 선보인 캐릭터로, 개인의 취향과 개성을 중시하는 MZ세대 특성이 반영된 DIY 형태의 인형이다. 동글동글한 체형에 보들보들한 털까지 갖춘 와사비베어는 일견 순하고 귀여워 보이지만, 톡 쏘는 말투와 표정 등이 알싸한 와사비 맛을 연상시키며 2030여성 사이에서 큰 사랑을 받고 있다.

대표 제품인 '데일리 모이스처 바디로션’, ‘데일리 모이스처 바디워시’, ‘세라엠디 리페어 로션’의 고보습력을 매콤한 와사비맛과 연결시켜 ‘강력한 보습의 매운맛’이라는 메시지를 와사비베어 캐릭터를 통해 전달한다. 귀여운 와사비베어 캐릭터가 적용된 제품 3종의 패키지를 한정으로 선보이며, 콜라보 기획세트 구매 시 새침한 와사비베어 인형 키링 또는 빅 포인트 스티커를 증정하는 등 다양한 프로모션도 만나볼 수 있다.

더마비에 따르면 이번 콜라보 제품은 올리브영 온ㆍ오프라인 판매 기준 출시 10일만에 2만 3천여 개가 판매됐으며, 데일리 모이스처 바디로션과 세라엠디 리페어 로션의 경우 전년 동기 대비(2022년 10월 1일~ 2022년 10월 10일) 매출이 136% 증가했다. 추산해보면 1분에 1개씩 팔린 셈이다.

더마비 브랜드 담당자는 “더마비는 귀여움을 선호하는 MZ세대 소비자 취향에 맞춰 다양한 캐릭터와의 콜라보를 지속하고, 이를 통해 대표 제품군에 신선한 이미지를 불어넣을 것”이라고 전했다.

화장품 브랜드뿐 아니라, 식품 주류 업계에서도 귀여운 캐릭터와의 콜라보를 통해 ‘덕심’을 자극하고 있다.

SPC 비알코리아가 운영하는 던킨은 지난 9월 18일 데브시스터즈의 모바일 게임 ‘쿠키런:킹덤’ 캐릭터와 협업한 ‘쿠키런 인형 키링’ 2종을 선보였다. '쿠키런 인형 키링' 2종은 데브시스터즈의 '쿠키런: 킹덤'에 등장하는 인기 캐릭터 '용감한 쿠키'와 '딸기맛 쿠키' 모양을 그대로 만든 봉제 인형 키링이다. 9월 25일부터 전국 던킨 매장에서 1만2000원 이상 제품 구매 시 3천원에 구매 가능하며, 수량 소진 시 행사는 자동 종료되며 소진 시점은 점포별 제품별 상이하다.

국순당은 IPX(구 라인프렌즈)와 협업해 라인프렌즈 캐릭터와 함께한 ‘국순당 쌀 단팥’을 지난 10월 10일에 출시했다. ‘국순당 쌀 단팥’은 라인프렌즈 캐릭터 ‘브라운’ 패트병 제품과 ‘브니니’ 캔 제품 등 2가지로 만나볼 수 있다. 할매니얼 트랜드로 인기가 높은 ‘팥’을 막걸리에 접목했으며, 팥빙수, 팥 아이스크림 등에서 떠오르는 맛을 구현한 것이 특징이다. 또한 패트병 제품에는 무표정한 표정이 매력인 라인프렌즈 캐릭터 ‘브라운’을 디자인하고 캔 제품에는 ‘브니니’를 그려 넣어 귀엽고 색다른 이미지로 친근감을 담았다.


김현주 기자 hjk@segye.com",http://www.segye.com/content/html/2023/10/13/20231013504061.html
1100401.202,1100401,2023.9.19,20230919,동아일보,김상준,추석선물도 ‘콜라보’가 대세 현대百 “소비자 트렌드 변해 맞춤 대응”,"올해 추석 연휴에는 대가족 모임보다 여행지나 홈파티 등에서 즐기기에 적합한 상품을 묶은 콜라보' 세트 선호도가 높아졌다는 분석이다. 현대백화점은 19일 지난 한 달간 정육 선물세트별 매출을 분석한 결과, 소스·양념 등 시즈닝과 한우를 묶은 세트 판매량이 지난해 추석과 비교해 61.9% 증가했다고 밝혔다. 같은 기간 현대백화점 전체 추석 선물세트 매출 신장률인 31.1%에 2배에 육박하는 수치다.

대표 상품인 '한우 등심스테이크와 불고기 세트'는 지난달 18일 예약판매 개시 후 약 한 달만에 조기 품절되기도 했다.

현대백화점 관계자는 ""조리가 간편하면서도 풍미를 한층 끌어올려 식사를 고급스럽게 즐길 수 있는 소스나 양념을 함께 구매하려는 고객들이 늘고 있다. 캠핑장 등 여행지에서 모임과 휴식을 즐기는 명절 문화가 정착했고 긴 연휴를 맞아 올 추석에도 휴가를 계획하는 고객들이 많은 영향으로 풀이된다""고 말했다.

콜라보 상품 선호는 청과 상품군에서도 두드러진다고 한다. 전통적인 명절과일인 사과·배 외에도 샤인머스켓, 애플망고 등 다양한 디저트 과일을 조합한 세트 수요가 높다. 실제 3종 이상의 과일로 구성된 청과 혼합 세트 매출은 지난해 추석보다 50.8% 증가했다.

대표 상품으로는 사과·배·샤인머스켓·머스크 멜론·애플망고로 구성된 '현대명품 혼합과일 특'(24만~26만 원), 금향멜론·샤인머스켓·애플망고로 구성된 'H-SWEET 금향·애플망고·샤인머스켓 매(梅)'(15만~17만 원) 등이 있다.

현대백화점 관계자는 ""같이 조합하기 좋은 다품종 세트 인기가 많아 고객 눈높이에 맞출 수 있는 콜라보 상품들을 준비했다. 남은 명절 기간 주문·배송 등 서비스 품질 관리에도 더욱 신경쓸 것""이라고 말했다.

동아닷컴 김상준 기자 ksj@donga.com",https://www.donga.com/news/Economy/article/all/20230919/121254350/1
1100401.202,1100401,2023.8.30,20230830,동아일보,정서영,"작품 전시하고, 강좌 열고 ‘프리즈’서 백화점-패션업체 만나요","[이주의 PICK] 프리즈에 전시장 여는 유통업체들 신세계百, 라운지 열고 컬렉션 전시… 현대百, 체험 공간 운영하고 강좌 진행 호텔-패션업체도 프리즈 수요 노려
‘프리즈 서울’에 공식 파트너로 참여하는 신세계백화점은 행사장 내 VIP 라운지를 설치하고 방문객을 맞이한다. 천연 소재 등을 이용한 인테리어로 ‘한국의 미’를 담아낼 계획이다. 신세계백화점 제공
가을과 함께 예술이 찾아왔습니다. 다음 달 6일부터 9일까지 세계 3대 아트페어로 불리는 ‘프리즈’가 지난해에 이어 서울 강남구 코엑스에서 열립니다. 6일부터 10일까지 한국화랑협회가 여는 한국국제아트페어(KIAF·키아프)와 함께 묶어 ‘키아프리즈’로 불리기도 하는데요. 최근 다양한 아트 콜라보를 진행하는 유통업체들도 키아프리즈와 함께하는 갖가지 행사를 펼칠 예정입니다.

백화점 업계는 키아프리즈를 앞두고 다양한 콜라보를 준비했습니다. 신세계백화점은 올해 프리즈 서울 2023의 공식 파트너로 참가합니다. 행사장 내 VIP 라운지를 개장할 예정인데요. 나무, 돌, 가죽 등 자연에 가까운 소재 등을 활용해 ‘한국의 미’를 담아낸다고 합니다. 신세계백화점이 소유한 아트 컬렉션도 함께 관람할 수 있다고 하네요.

지난해부터 키아프 공식 파트너로 참가하는 현대백화점도 올해 키아프에 ‘현대어린이책미술관(MOKA)’ 부스를 설치해 메타버스 체험공간을 선보일 예정입니다. 행사 기간에 맞춰 문화센터에서 ‘아트 컬렉팅’ ‘세계 미술 시장의 흐름’ 등 관련 강좌도 개강할 예정입니다.

호텔들도 프리즈 서울 맞이 마케팅에 돌입했습니다. 프리즈와 파트너십을 맺은 서울 신라호텔은 프리즈 서울 VIP 패스를 제공하는 객실 패키지 ‘프리즈 위크 앳 더 신라 서울’을 선보입니다. 객실과 라운지 이용, 특별 기프트 등이 포함된 패스는 31일까지 이용 가능합니다. 또한 이달 말부터 연말까지 서울 신라호텔 1층 로비에 이배 작가의 ‘붓질 시리즈’ 신작 2점을 전시합니다. 시그니엘 서울도 프리즈 입장권 2장과 숙박권이 결합된 패키지를 내놓습니다.

최근 아트 갤러리와 콜라보가 이어지는 패션 업계도 프리즈 맞이에 나섭니다. 프리즈 공식 파트너로 참여하는 패션 플랫폼 W컨셉은 행사장에 라운지를 설치하고 국내외 아티스트와 콜라보 전시, 체험 공간 등을 선보일 예정입니다.

외출하기 좋은 계절이 다시 찾아오고 있습니다. 미술과 함께하는 나들이로 가을을 맞이하는 건 어떨까요.

유통팀 기자들이 큐(Q)레이션한 다양한 라이프스타일 뉴스를 인스타그램 Q매거진(@_q_magazine)에서 만나보세요.

정서영 기자 cero@donga.com",https://www.donga.com/news/Economy/article/all/20230829/120926565/1
1100201.202,1100201,2023.9.22,20230922,국민일보,김지윤,게이머 ‘덕심’ 잡는다 韓 게임사 이색 콜라보,"음식, 카드사 등 여러 방면에서 이색 협업 수익원 발굴 및 신규 이용자 확보 등
펄어비스 제공.
게임 산업계가 음식, 카드사, 미디어 등 여러 방면에서 이색 협업을 통해 외연 확장에 나서고 있다. 다채로운 콜라보는 특정 타깃층의 유입을 유도할 뿐 아니라 골수 게이머들의 ‘덕심’을 더 굳건하게 한다. 게임사들은 새로운 수익원을 발굴하고 신규 이용자를 확보하는 등 일거양득 효과를 얻고 있다.

적극적인 이색 콜라보로 연일 화제를 낳은 펄어비스는 이번에 라면 브랜드와 맞손을 잡았다. 앞서 펄어비스는 ‘껌은사막(껌)’ ‘감은사막(샴푸)’ 등 특이한 제휴로 이용자들의 웃음을 자아낸 바 있다. 이번에는 팔도와 손잡고 ‘왕뚜껑은사막’을 선보였다. 왕뚜껑은사막은 컵라면인 왕뚜껑에 뜨거운 사막의 열기를 담았다는 콘셉트로 기획됐다. 제품에 검은사막 디자인 패키징을 담은 게 특징이다.

해당 제품을 구매하면 동봉된 쿠폰을 통해 인 게임 아이템과 제휴 상자 등을 받을 수 있다. 펄어비스 관계자는 “펄어비스는 이용자들의 혜택과 온·오프라인에서 재미를 제공할 수 있도록 다양한 제품군과 콜라보 이벤트를 진행하고 있다. 앞으로도 이용자들에게 추억을 선물할 수 있는 콜라보를 선보일 계획”이라고 전했다.

네오위즈는 국내 피자 프렌차이즈 ‘반올림피자’와 손잡고 힐링 방치형 모바일 게임 ‘고양이와 스프’에서 컬래버레이션 이벤트를 진행했다. 반올림피자의 콜라보 메뉴를 주문하면 고양이와 스프 인게임에서 사용 가능한 아이템 쿠폰을 제공하는 방식이다. 귀여운 고양이 캐릭터가 요리사로 변신, 피자를 만들고 있는 삽화가 담긴 피자 상자를 제공하기도 한다.



엔씨소프트와 넥슨은 카드사와 협업했다. 엔씨는 다중접속역할수행게임(MMORPG) ‘리니지2M’ 속 몬스터에서 유래한 캐릭터 ‘도구리’를 앞세워 신한카드와 제휴를 맺고 카드 4종을 출시했다. 귀여운 캐릭터, 반전 문구 등 재미 요소를 카드에 새겨 ‘소장 가치’를 저격했다. 신용·체크카드 사용자를 대상으로 각종 이벤트를 진행하고, 도구리 굿즈와 상품 키트도 덤으로 제공했다.

넥슨은 인기 지식재산권(IP)으로 거듭난 ‘데이브 더 다이버’로 다음 달 26일까지 기획 행사를 실시한다. 데이브는 6월 말 출시된 하이브리드 해양 어드벤처 장르의 싱글 패키지 게임이다. 독창적인 게임성과 완성도 높은 콘텐츠로 출시 후 이른 시기 누적 판매량 100만장을 돌파하고 한국콘텐츠진흥원이 선정한 ‘2023 하반기 이달의 우수게임’에 선정되기도 했다.

이러한 흥행에 힘입어 넥슨은 현대카드와 함께 ‘넥슨 현대카드’를 공개했다. 게이머는 넥슨 현대카드를 이벤트 기간 내에 15만원 이상 사용할 경우 포인트 및 게임 머그잔 등 사은품 및 혜택을 받을 수 있다.



넷마블은 효자 캐릭터 IP ‘쿵야’로 극장가에 진출했다. 쿵야는 다양한 채소 캐릭터를 소재로 2003년 출시한 캐주얼 게임 ‘야채부락리’에서 출발했다. 지난해부터 TV 애니메이션인 ‘쿵야쿵야’ 속 장면들이 소셜미디어를 중심으로 유명해지면서 MZ세대가 사랑하는 캐릭터로 급부상했다. 현재는 ‘쿵야레스토랑즈’ 인스타그램이 팔로워 16만명을 기록하는 등 인기를 이어가고 있다.

쿵야 레스토랑즈는 추석 시즌 개봉을 앞둔 영화 ‘천박사 퇴마 연구소: 설경의 비밀’과 특별한 콜라보를 진행했다. 이번 협업을 통해 쿵야 레스토랑즈의 주인공 ‘양파쿵야’는 영화 속 캐릭터로 깜짝 변신해 다채로운 모습을 보여줄 예정이다. 또한 각종 행사에서 굿즈를 제공하고 이벤트를 통한 영화 티켓도 증정한다.

다양한 방식의 이색적인 콜라보는 자사 게임을 알리는 것은 물론 기업 이미지를 부각하는 홍보 전략으로 주목받고 있다. 이장주 이락디지털문화연구소장은 “게임이 서비스나 제품과의 콜라보를 통해 서로 상생하는 관계로 발전하고 있다”고 평가했다.

김지윤 기자 merry@kmib.co.kr",https://news.kmib.co.kr/article/view.asp?arcid=0018695084&code=61151111&cp=kd
2100201.202,2100201,2023.8.25,20230825,머니투데이,김재련|기자,"허그매트X헬로입주, 콜라보 상품권 증정 이벤트 진행","허그매트X헬로입주 콜라보 상품권 이벤트/사진제공=허그매트
[머니투데이 김재련 기자] 허그컴퍼니의 층간소음매트 전문 브랜드 허그매트가 헬로입주와 함께 콜라보이벤트를 진행한다고 25일 밝혔다.


내일을사는사람들이 운영하는 헬로입주는 신축 아파트 입주를 준비 중인 고객과 시공 파트너를 연결해주는 입주 온라인 매칭 플랫폼으로 아이에스동서에서 건설, 건자재, 리모델링 등 경험을 쌓은 권지혜 대표가 창업했다.

이번 콜라보 이벤트의 참여 방법은 간단하다. 헬로입주를 통해 회원 가입 후 결제를 하고 시공을 받으면 상품권이 지급된다. 단, 이벤트는 상품권 소진 시 조기 마감될 수 있다.

허그매트 관계자는 ""경기가 안 좋은데 고객의 경제적 부담을 덜어드릴 수 있는 이벤트를 신뢰가는 브랜드와 함께 할 수 있게 돼 기쁘다""라며 ""혜택에 비해 참여 난이도가 간단한 만큼 빠르게 소진될 걸로 예상된다. 앞으로도 다양한 혜택으로 고객의 부담을 덜어드릴 수 있는 프로모션을 진행해나갈 계획""이라고 밝혔다.

한편 허그매트는 바닥재 손상을 최소화할 수 있는 허니컴 구조의 매트를 출시할 예정이다.",http://news.moneytoday.co.kr/view/mtview.php?no=2023082516003426651&type=2
2100311.202,2100311,2023.8.14,20230814,서울경제,이완기 기자,"예지미인, 오가닛데일리 몰랑이 키링 세트 콜라보 출시","""다양한 콜라보 활동 진행 예정""
여성용품 전문 브랜드 예지미인이 인기 캐릭터 몰랑이와 협업해 ‘오가닛데일리 생리대 몰랑이 키링 세트’를 신규 출시한다고 14일 밝혔다.


예지미인의 이번 콜라보 세트는 유기농 순면커버 생리대 오가닛데일리와 몰랑이 키링(열쇠고리)으로 구성됐다.


예지미인 오가닛데일리는 3년 이상 화학비료를 사용하지 않은 토양에서 채취한 목화를 사용한 유기농 순면커버 생리대다.


찹쌀떡토끼 모양 캐릭터인 몰랑이의 순수함을 형상화한 키링 10종을 무작위로 하나씩 동봉해 여성의 신체적·심리적 컨디션이 저하되는 생리 기간 색다른 즐거움을 선사하도록 기획됐다.


앞서 오가닛데일리 띠부씰 에디션을 통해 소비자에게 좋은 반응을 얻었던 몰랑이 캐릭터의 새로운 모습을 아기자기한 키링으로 만날 수 있으며, 파우치나 가방 등에 포인트 액세서리로 활용할 수 있다고 회사 측은 설명했다.


예지미인 관계자는 “앞으로도 다양한 콜라보레이션 활동을 통해 고객들과 친근하게 교감해나갈 예정”이라고 말했다.",http://www.sedaily.com/NewsView/29TEKPXFAN
2100201.202,2100201,2023.10.29,20231029,머니투데이,조한송|기자,"""코난 덕후 모여라"" CU 명탐정 코난 콜라보 상품 2탄 출시","CU 명탐정 코난 콜라보 2탄 상품 사진/사진=CU
[머니투데이 조한송 기자] CU가 애니메이션 '명탐점 코난'의 인기에 힘입어 오는 31일 콜라보 상품 2탄을 업계 단독으로 선보인다.

이번에 선보이는 명탐정 코난 콜라보 상품 2탄은 총 6종이다. 각 상품에는 명탐정 코난에 등장하는 캐릭터들을 그려 넣은 80종의 띠부씰을 넣어 팬들의 수집 욕구를 높였다.

CU는 알약 모양 젤리에 이어 코난이 추리할 때 사용하는 음성변조 나비 넥타이 모양으로 만든 '명탐정 코난 리본젤리 딸기맛'을 선보인다.
'포와로 나폴리탄 파스타'는 코난이 신세를 지고 있는 유명한 탐정 사무소 건물 1층에 있는 카페 포와로의 인기 메뉴를 구현한 상품이다. 이밖에 CU는 카레밥과 찐 감자 토핑이 어우러진 '햄 감자 카레 삼각김밥'도 출시한다. 이밖에 △의혹의 매운 맛 카레버거 △의혹의 매운 맛 카레 도시락 △감자듬뿍 카레 유부초밥 등도 만나볼 수 있다.",http://news.moneytoday.co.kr/view/mtview.php?no=2023102910112556293&type=2
1500701.202,1500701,2023.9.18,20230918,부산일보,변현철,[인사] 동의대학교 ,△교육혁신처 콜라보교육인정평가단장 강병철 △대학혁신지원사업단 혁신성과관리센터 소장 심성현.,https://www.busan.com/view/busan/view.php?code=2023091817225844678
1500801.202,1500801,2023.8.30,20230830,영남일보,인터넷뉴스부,[포토뉴스] 가을 멋쟁이를 위한 패션 제안,대구신세계백화점 2층에 입점한 '송지오 옴므'가 9월 7일까지 2023 F/W 파리 컬렉션 상품을 선보인다. 70만원 이상 구매시 더 아이덴티티 콜라보 목걸이(10개 한정)를 증정한다. 〈대구신세계백화점 제공〉,https://www.yeongnam.com/web/view.php?key=20230830010003946
1100201.202,1100201,2023.9.16,20230916,국민일보,장지영,15대의 피아노가 연주되는 ‘2023 경기피아노페스티벌’,"예술감독에 피아니스트 김대진
경기아트센터는 10월 4~7일 ‘2023 경기피아노페스티벌’(포스터)을 개최한다. 피아니스트 김대진이 예술감독을 맡았으며 수원시음악협회가 함께한다. ‘모두의 기회, 모두의 피아노’라는 주제로 진행되는 이번 축제는 거장 안드라스 쉬프의 리사이틀부터 피아노를 사랑하는 아마추어 연주자들까지 다채로운 프로그램으로 이루어져 있다.

10월 4일 대극장의 개막 ‘오프닝 콘서트: 피아노 오케스트라’에는 김대진 예술감독을 비롯해 30명의 피아니스트가 무대에 오른다. 쇼팽의 발라드, 15대의 피아노로 연주하는 베토벤 교향곡 5번 등을 선보인다. 10월 5일 소극장에서는 ‘마이 페이보릿 소나티네’(My Favorite Sonatine), ‘피아노 콜라보의 밤’을 차례로 선보인다. ‘마이 페이보릿 소나티네’는 수원시음악협회 공모를 통해 선정된 아마추어 피아니스트들이 참여한다. ‘피아노 콜라보의 밤’에는 피아니스트 8인과 영재 피아니스트 2인의 콜라보 무대가 준비돼 있다.

10월 6일은 ‘피아니스트들의 피아니스트’로 불리는 안드라스 쉬프가 대극장을 찾는다. 공연 프로그램을 사전에 공개하지 않기로 유명한 쉬프는 이번 리사이틀에서도 바흐, 하이든, 모차르트, 베토벤, 슈베르트의 곡 중 즉흥적인 선택에 따라 연주를 선보인다. 10월 7일 피날레 무대 가운데 소극장은 ‘장애인과 함께하는 콘서트’가 열린다. 발달장애인 단원으로 구성된 하트하트오케스트라가 모차르트 등의 대표곡을 연주한다. 대극장에서는 경기필하모닉오케스트라와 신박듀오, 피아니스트 임동민이 페스티벌의 마지막 무대를 장식한다. 또한 경기아트센터 열린무대에서는 10월 6~7일 피아노 버스킹 무대가 예정돼 있다.

장지영 선임기자 jyjang@kmib.co.kr",
1100201.202,1100201,2023.9.15,20230915,국민일보,장지영,15대 피아노 한 무대로 ‘2023 경기피아노페스티벌’ 개최,"10월 4~7일 경기아트센터
경기아트센터는 10월 4~7일 ‘2023 경기피아노페스티벌’을 개최한다. 피아니스트 김대진이 예술감독을 맡았으며 수원시음악협회가 함께한다. ‘모두의 기회, 모두의 피아노’라는 주제로 진행되는 이번 축제는 거장 안드라스 쉬프의 리사이틀부터 피아노를 사랑하는 아마추어 연주자들까지 다채로운 프로그램으로 이루어져 있다.

10월 4일 대극장의 개막 ‘오프닝 콘서트: 피아노 오케스트라’에는 김대진 예술감독을 비롯해 30명의 피아니스트가 무대에 오른다. 쇼팽의 발라드, 15대의 피아노로 연주하는 베토벤 교향곡 5번 등을 선보인다. 10월 5일 소극장에서는 ‘마이 페이보릿 소나티네’(My Favorite Sonatine), ‘피아노 콜라보의 밤’을 차례로 선보인다. ‘마이 페이보릿 소나티네’는 수원시음악협회 공모를 통해 선정된 아마추어 피아니스트들이 참여한다. ‘피아노 콜라보의 밤’에는 피아니스트 8인과 영재 피아니스트 2인의 콜라보 무대가 준비돼 있다.

10월 6일은 ‘피아니스트들의 피아니스트’로 불리는 안드라스 쉬프가 대극장을 찾는다. 공연 프로그램을 사전에 공개하지 않기로 유명한 쉬프는 이번 리사이틀에서도 바흐, 하이든, 모차르트, 베토벤, 슈베르트의 곡 중 즉흥적인 선택에 따라 연주를 선보인다. 10월 7일 피날레 무대 가운데 소극장은 ‘장애인과 함께하는 콘서트’가 열린다. 발달장애인 단원으로 구성된 하트하트오케스트라가 모차르트 등의 대표곡을 연주한다. 대극장에서는 경기필하모닉오케스트라와 신박듀오, 피아니스트 임동민이 페스티벌의 마지막 무대를 장식한다.

또한 경기아트센터 열린무대에서는 10월 6~7일 피아노 버스킹 무대가 예정돼 있다.

장지영 선임기자 jyjang@kmib.co.kr",https://news.kmib.co.kr/article/view.asp?arcid=0018668136&code=61171411&cp=kd
1500701.202,1500701,2023.9.24,20230924,부산일보,김덕준,"SRT, 승차권과 LG 야구관람권 결합한 패키지 상품 개발","양사 고객과 팬층 확대위한 업무협약 체결||이벤트 경품 협찬, 콜라보 굿즈 제작도 협력
에스알은 22일 서울 잠실종합운동장에서 LG스포츠와 업무햡약식을 열고, 양 사의 고객과 팬층 확대를 위해 열차와 경기관람을 연계한 다양한 사업을 함께 추진하기로 했다. 에스알 제공




고속철도 SRT이 LG와 함께 승차권과 야구 관람권을 결합한 패키지 상품을 개발하고 콜라보 굿즈를 개발하는 등 서로 협력하기로 했다.

SRT 운영사 에스알(SR)은 “LG스포츠와 함께 열차와 경기관람을 연계한 패키지 상품을 개발하기로 하고 22일 서울 잠실종합운동장에서 업무협약을 체결했다”고 24일 밝혔다.

22일 열린 협약식에는 이종국 에스알 대표와 김인석 LG스포츠 대표 등이 참석한 가운데 양 사의 고객과 팬층 확대를 위해 다양한 연계사업을 추진하기로 했다.

에스알은 LG스포츠와 함께 △SRT 승차권과 야구 관람권을 결합한 패키지 상품 개발 △상호 온·오프라인 광고 매체를 활용한 광고 협력 △이벤트 경품 상호 협찬 △콜라보 굿즈 제작 △ESG 확산 및 지속가능한 미래가치 창출을 위한 사업 등을 협력할 계획이다.

이종국 에스알 대표이사는 “SRT 경전·동해·전라선 운행확대로 더욱 많은 지역의 스포츠팬들이 SRT로 편리하게 전국의 스포츠경기를 관람할 수 있게 됐다”라며 “LG스포츠와 협력해 지역사회와 함께하고 지속 가능한 발전을 위해 노력하겠다”라고 밝혔다.",https://www.busan.com/view/busan/view.php?code=2023092422132957445
1100201.202,1100201,2023.9.12,20230912,국민일보,이다니엘,"크래프톤, 서울 성수동에 PNC 2023 팝업 스토어 오픈","크래프톤이 ‘펍지 네이션스 컵 2023’ 개최를 맞아 서울 성수동에 팝업 스토어를 운영한다.

12일 크래프톤에 따르면 서울 성수동 테이스트앤드테이스트 플래그십 스토어에 오픈한 팝업 스토어에서 PNC 2023 개최를 기념하는 다양한 콜라보 메뉴와 PNC 2023 굿즈를 만나볼 수 있다. 스토어는 오는 17일까지 운영한다.

PNC 2023 콜라보 메뉴는 ▲이겼닭 치킨 스테이크 ▲아란치니 수류탄 ▲달콤한 보급상자 ▲블루레몬 에이드 ▲수박 에이드 등으로 구성됐다.

이번 메뉴들은 테이스트앤드테이스트가 ‘배틀그라운드’에서 받은 영감을 바탕으로 직접 개발했다. 콜라보 메뉴를 주문하면 PNC 2023 스티커를 받을 수 있다.

팝업 스토어에서는 ▲PNC 2023 반팔 티셔츠 ▲PNC 2023 기념 컵 ▲PNC 2023 응원 타올 등 다양한 PNC 2023 굿즈를 구매할 수 있다. 모든 PNC 2023 굿즈 구매 고객에게 크래프톤 리유저블백을 증정한다. 또한 현장에 비치된 특별 포토 부스에서 기념사진을 촬영할 수 있다.

팝업 스토어 오픈을 기념해 SNS 이벤트도 별도 진행한다.

한편 PNC는 각 국가를 대표하는 선수가 4인 스쿼드를 꾸려 실력을 겨루는 국가대항전이다. 오는 15일부터 17일까지 3일간 서울 상암동 ‘아프리카 콜로세움’에서 유관중으로 진행한다.

이다니엘 기자 dne@kmib.co.kr",https://news.kmib.co.kr/article/view.asp?arcid=0018661650&code=61151111&cp=kd
7100501.202,7100501,2023.11.14,20231114,전자신문,손지혜,"포토위젯, 에스파 홈 화면 테마 공개 콘텐츠 경쟁력 강화","포토위젯이 SM엔터테인먼트의 에스파 IP를 활용해 콘텐츠 경쟁력을 강화한다.

포토위젯은 9월 SM 엔터와 처음 손잡고 라이즈(RIIZE)의 테마를 공개한 데 이어 아이돌 그룹과 협업을 강화하고 시너지 확대에 나섰다.

콜라보 테마는 그룹 테마 3종과 멤버별 테마 4종으로 구성됐다. 새 미니앨범 'Drama'로 컴백한 에스파 멤버가 담긴 테마다. 에스파 테마는 앱 내 테마 카테고리에서 aespa 태그를 선택해 확인가능하며 배경화면과 아이콘도 동일한 태그에서 제공 중이다.

포토위젯은 개성과 취향을 중시하는 잘파세대(Z세대+알파세대)를 위해 스마트기기 홈 화면을 꾸밀 수 있도록 돕는 iOS 기반 '폰 꾸미기' 서비스 PhotoWidget을 운영 중이다. 아이폰 사용률이 높은 전세계 1020세대 사이에서 입소문을 타며 최근 누적 사용자 4000만명을 돌파했다.

전체 이용자의 90% 이상이 해외 이용자다. 포토위젯은 K팝 아티스트 등 글로벌 잘파세대가 선호하는 다양한 IP와의 협업으로 커스터마이징 콘텐츠를 제공하고 이용자 만족도를 높이겠다는 전략이다.

포토위젯 관계자는 “SM의 에스파 콜라보 테마가 이용자에게 많은 사랑받고 있는 만큼 앞으로도 다양한 콜라보 프로모션을 통해 다각화된 콘텐츠를 지원할 예정”이라고 말했다.

손지혜 기자 jh@etnews.com",http://www.etnews.com/20231114000139
7100501.202,7100501,2023.10.29,20231029,전자신문,강성전,"CU, 명탐정 코난 협업 상품 2탄 출시 “띠부씰 넣어 수집욕 높였다”","모델이 명탐점 코난 협업 상품을 소개하고 있다.
CU는 애니메이션 '명탐점 코난' 협업 상품 2탄을 업계 단독으로 선보인다고 29일 밝혔다.

이번에 선보이는 명탐정 코난 콜라보 상품 2탄은 총 6종이다. 1탄과 마찬가지로 애니메이션 속 세계관을 충실히 반영했다. 각 상품에는 명탐정 코난에 등장하는 캐릭터를 그려 넣은 80종의 띠부씰을 넣어 팬들의 수집 욕구를 높였다.

CU는 △명탐정 코난 리본젤리 딸기맛 △포와로 나폴리탄 파스 △햄 감자 카레 삼각김밥 △의혹의 매운 맛 카레버거 △의혹의 매운 맛 카레 도시락 △감자듬뿍 카레 유부초밥 등 6종을 선보인다.

지난 7월 CU는 명탐정 코난 26번째 극장판 영화 '흑철의 어영' 개봉에 맞춰 샌드위치, 주먹볼, 구운란, 젤리 등 콜라보 상품 4종을 출시한 바 있다. 해당 상품은 매니아 층의 입소문을 타고 출시 3개월만에 누적 판매량 100만개를 달성했다.

김광민 BGF리테일 상품개발팀 상품기획자(MD)는 “캐릭터 콜라보 상품들의 매출이 작년은 직전 년도 대비 12배, 올해는 3배의 매출 신장률을 보이고 있다”며 “캐릭터 협업 열풍에 따라 앞으로도 인기 캐릭터를 입힌 CU만의 차별화 상품을 지속적으로 선보일 예정”이라고 말했다.

강성전 기자 castlekang@etnews.com",http://www.etnews.com/20231029000052
7100501.202,7100501,2023.9.12,20230912,전자신문,박정은,"크래프톤, 서울 성수동에 PNC 2023 팝업 스토어 오픈","서울 성수동 PNC 2023 팝업스토어
크래프톤은 '펍지 네이션스 컵 2023(PNC 2023)' 개최를 맞아 서울 성수동에서 PNC 2023 팝업스토어를 17일까지 운영한다.

서울 성수동 테이스트앤드테이스트 플래그십 스토어에 오픈한 팝업스토어에서는 PNC 2023 개최를 기념하는 다양한 콜라보 메뉴와 PNC 2023 굿즈를 만나볼 수 있다.

PNC 2023 콜라보 메뉴는 △이겼닭 치킨 스테이크 △아란치니 수류탄 △달콤한 보급상자 △블루레몬 에이드 △수박 에이드 등으로 구성됐다. 메뉴는 테이스트앤드테이스트가 직접 개발했다. 'PUBG: 배틀그라운드'에서 영감을 받은 요소를 메뉴에 적용했다. 콜라보 메뉴를 주문하면 PNC 2023 스티커를 받을 수 있다.

또한 △PNC 2023 반팔 티셔츠 △PNC 2023 기념 컵 △PNC 2023 응원 타올 등 다양한 PNC 2023 굿즈도 만나볼 수 있다. 현장에 비치된 특별 포토 부스에서 기념사진도 촬영 가능하다. 크래프톤은 PNC 2023 굿즈 구매 고객에게 크래프톤 리유저블백을 증정한다고 밝혔다.

경품 이벤트도 있다. 팝업스토어 방문 인증샷을 필수태그인 @pubgesports_kr과 @tasteandtaste.kr를 달아 인스타그램 스토리에 업로드하면 팝업스토어 운영 종료 이후 추첨을 통해 배틀그라운드 인게임 아이템인 'PNC 2023 메가 번들'과 '테이스트앤드테이스트 식사권'을 증정한다.

PNC는 다른 배틀그라운드 이스포츠 대회와 달리 선수가 소속팀이 아닌 각자의 국가를 대표해 실력을 겨루는 국가대항전 방식 대회다. PNC 2023은 15일부터 17일까지 3일간 진행된다. 하루 6매치씩 총 18개 매치가 펼쳐진다. 모든 경기는 상암 아프리카 콜로세움에서 유관중으로 진행된다. 공식 채널을 통해 전 세계에 온라인으로도 생중계 예정이다.

박정은 기자 jepark@etnews.com",http://www.etnews.com/20230912000220
1101101.202,1101101,2023.11.6,20231106,한국일보,우다빈,"신예 규빈, 다듀 개코 지원사격 속 프리 데뷔곡 공개","가수 규빈이 다이나믹 듀오 개코의 지원사격 속 두 번째 프리 데뷔곡을 발표한다. 라이브웍스컴퍼니 제공
가수 규빈이 다이나믹 듀오 개코의 지원사격 속 두 번째 프리 데뷔곡을 발표한다.
6일 규빈은 두 번째 프리 데뷔곡 ‘스타트 투 샤인(Start To Shine)’을 발표한다. 그는 실력과 비주얼 모두를 갖춘 10대 뮤지션으로 정식 데뷔 전부터 가요계의 주목을 받고 있는 신예다.
두 번째 프리 데뷔곡 ‘스타트 투 샤인’은 그루비한 알앤비 곡으로 다이나믹 듀오의 개코와 쏠 THAMA까지 아메바컬쳐의 간판 아티스트들이 참여하여 완성도를 높인 곡이다.
특히 어린시절부터 자신의 곡을 써온 규빈도 직접 작사, 작곡에 참여한 이번 신곡은 시작하는 사랑의 설렘을 노래한 첫 번째 프리 데뷔곡 ‘낙서’에 이어 사랑으로 받는 따뜻한 위로를 담은 것이 특징이다.
또한 풋풋하고 청아한 규빈의 목소리와 베테랑답게 여유있게 곡을 리드하는 개코의 조화로운 만남은 이제 막 사랑의 싹을 틔우고 있는 10대는 물론 남녀소소 누구에게나 간지러우면서도 포근한 사랑의 감정을 전할 것으로 기대된다.
폭넓은 음악 스펙트럼과 매력적인 음색을 바탕으로 원슈타인에 이어 다이나믹 듀오 개코와의 콜라보 음원을 발표하게 된 규빈은 향후 밴드 넬 보컬 김종완과의 세 번째 콜라보 프로젝트를 공개하며 내년 정식 데뷔에 박차를 가할 예정이다.
한편 규빈의 두 번째 콜라보 프로젝트 싱글 ‘Start To Shine’’은 이날 정오 각종 온라인 음원사이트를 통해 감상해볼 수 있다.",https://www.hankookilbo.com/News/Read/A2023110614310004977
2100801.202,2100801,2023.9.7,20230907,아시아경제,조성필,"CU, 예년보다 두 달 앞당겨 핫팩 출시","사전 재고 확보해 고객 편의 돕는 전략 사회복지법인 연탄은행과 콜라보한 제품
CU가 출시한 연탄은행 핫팩을 모델이 홍보하고 있다. [사진제공=BGF리테일]
편의점 CU는 예년보다 두 달가량 앞당겨 방한 용품인 핫팩을 출시한다고 7일 밝혔다.

일교차가 커지고 특히 코로나 엔데믹 이후 등산, 캠핑, 낚시, 골프 등 외부 활동을 하는 사람들이 부쩍 늘어나고 있어 사전재고 확보로 소비자들의 편의를 돕는다는 전략이다.

CU가 이번에 선보이는 핫팩은 사회복지법인인 연탄은행과 콜라보한 제품이다. 특대형, 포켓형, 패치형 3종으로 최대 16시간, 70도까지 열이 난다.

전민준 BGF리테일 생활용품팀 MD는 ""해마다 갑작스런 날씨 변화에 방한용품을 찾는 사람들이 많아지면서 핫팩 출시를 예년 보다 서둘러 진행하게 됐다""고 말했다.

조성필 기자 gatozz@asiae.co.kr",https://view.asiae.co.kr/article/2023090708133419459
2100101.202,2100101,2023.9.30,20230930,매일경제,박찬은 시티라이프 기자(park.chaneun@mk.co.kr),[Trend] 호텔로 너구리 한 마리 몰고 가세요~!,"글래드 호텔이 농심과 함께 이색 호캉스를 즐길 수 있는 콜라보 상품을 선보인다. 사진은 글래드 마포 객실.
“호캉스와 함께 즐기는 너구리 남산라면”
글래드 호텔 X 농심, ‘너구리 라면가게 in 글래드 패키지’ 출시
글래드 호텔은 ‘너구리 남산라면가게’ 오픈을 기념하여 다양한 농심 굿즈를 제공하는 콜라보 상품 ‘너구리 라면가게 in 글래드 패키지’를 10월29일(일)까지 선보인다. ‘너구리 라면가게 인 글래드 패키지’는 편안한 베딩 시스템의 객실 1박과 함께 농심 굿즈 1세트를 제공한다.
굿즈 세트는 친환경 소재를 활용한 △신라면 리유저블백 1개, K-라면의 맛 △너구리 큰사발면 2개, 개성 있는 아트토이 디자인의 ‘서커스보이밴드’ 콜라보 굿즈 △신라면 건면 서커스보이밴드 콜라보 피규어 1개, 요리하는 너구리, 라면 먹는 너구리 등 △너구리 캐릭터 스티커 5종으로 구성됐다.

이와 함께 지점별 선착순 5팀 대상으로 ‘N서울타워(남산타워) 전망대 이용권’ 1매(2인)와 함께 ‘너구리 남산라면가게 메뉴 30% 할인권 1매’도 제공한다. 패키지는 서울 지역의 글래드 호텔(글래드 여의도, 글래드 마포, 글래드 강남 코엑스센터)에서 이용 가능하며, 가격은 13만 원(세금 별도)부터다.
이외에도 10월4일(수)까지는 글래드 호텔 x 농심 콜라보 패키지명을 맞추는 ‘너(You)퀴즈’ SNS 이벤트를 진행하며, 친구들을 소환하여 자랑하면 당첨 확률이 높아진다. 당첨자는 10월 6일(금)에 글래드 호텔 공식 인스타그램을 통해 발표한다. 참여방법은 글래드 호텔(@gladhotels)과 메종 글래드 제주(@maisonglad), 농심(@nongshim) 공식 인스타그램 계정을 팔로우 한후, 이벤트 게시물에 글래드 x 농심 콜라보 패키지명(패키지명 전체 기재)을 댓글로 남기면 된다.

글래드 호텔 마케팅 관계자는 “이색 경험을 중요하게 생각하는 MZ세대 고객을 위해 농심의 캐릭터 ‘너구리’와 글래드 호텔이 만나 특별한 호캉스를 즐길 수 있는 상품을 기획하게 됐다”며 “글래드 호텔에서 편안한 호캉스를 즐기고 다양한 농심 굿즈 혜택과 함께 남산으로 가을 나들이를 떠나보시길 바란다”고 전했다.
[글 박찬은 기자(park.chaneun@mk.co.kr)]
[사진 글래드 호텔앤리조트]",http://www.mk.co.kr/article/10840266
2100101.202,2100101,2023.10.6,20231006,매일경제,,"디딤이앤에프, 연안식당X팔도 콜라보 ‘비빔꼬막장’ 마켓컬리 론칭","[사진제공 = 디딤이앤에프]
글로벌 외식기업 디딤이앤에프는 자사 브랜드 연안식당이 팔도와의 상품개발 협약을 맺었다고 6일 밝혔다. 콜라보 상품은 마켓컬리 플랫폼에 출시된다.
이번 콜라보 상품은 연안식당과 팔도의 대표 메뉴를 합쳐 만든 ‘비빔꼬막장’이다. 국내산 새꼬막으로 만든 연안식당의 ‘꼬막’과 팔도의 시그니처 양념인 ‘팔도비빔장’을 콜라보했다. 비빔꼬막장을 해동해 밥, 소면 등과 곁들이면 연안식당의 맛을 집에서 손쉽게 재현할 수 있다.
디딤이앤에프는 이번 제품을 통해 기존 및 신규 소비자들의 입맛을 모두 만족시킬 수 있을 것으로 기대하고 있다.
회사 관계자는 “이번 팔도와의 협업으로 기존 시장에 존재하지 않던 새로운 조합의 상품을 고객들에게 선사할 수 있었다”며 “지속적인 RMR 상품 개발 및 강화를 통해 누구나 손쉽게 요리 할 수 있는 다양한 간편식을 만들어내겠다”고 말했다.
지난 7월, 연안식당의 간편식인 연안식당 부추꼬막장과 달래꼬막장은 블루리본 서베이 인증을 받았다. 블루리본 서베이는 2005년 국내에소 최초로 발행된 레스토랑 가이드북이다. 팔도비빔면은 1984년 출시된 이후 17억개 이상이 판매됐다. 비빔면 시장 점유율이 절반을 넘으며, 비빔라면 부문에서 2023년 올해의 브랜드 대상으로 선정된 바 있다.
이상규 매경닷컴 기자",http://www.mk.co.kr/article/10843954
2100501.202,2100501,2023.11.9,20231109,파이낸셜뉴스,강규민 기자 (camila@fnnews.com),"""강아지랑 만두 먹자 "" 하림펫푸드, 더미식 교자와 '더리얼 만두' 선봬","하림펫푸드가 더미식 교자와 함께 출시한 '더리얼 만두'. 하림펫푸드 제공



[파이낸셜뉴스] 하림펫푸드는 ‘더미식 교자’와 손잡고 반려견을 위한 강아지간식 ‘더리얼 만두’를 출시한다고 9일 밝혔다.

하림펫푸드는 ‘100% 휴먼그레이드, 합성보존료 0%’이라는 슬로건으로 지난 2017년 반려동물사료 ‘더리얼’을 출시한 바 있다.

이번에 선보인 더리얼 만두는 ‘더미식 교자’와 콜라보를 통해 더미식의 교자 모양을 그대로 구현한 ‘100% 휴먼그레이드’ 강아지 간식이다. 사료용 원료가 아닌 식재료의 닭가슴살과 양배추, 시금치, 당근으로 소를 채우고 얇은 만두피로 물결모양까지 구현했다. 또 사람이 만두를 먹는 것과 동일한 경험을 반려견들에게 제공하기 위해 더미식 교자와 콜라보한 패키지 디자인도 적용했다.

최근 몇년간 반려동물 카테고리에서 가장 중요한 키워드는 ‘펫 휴머니제이션(펫의 인간화)’이다. 반려동물을 사람과 동일시하는 현상으로, 특히 먹거리에서 사람이 먹는 것과 반려동물이 먹는 것을 동일시하는 현상이 뚜렷해지고 있다.

하림펫푸드는 사람과 반려동물이 먹는 기준을 동일하게 적용해 전 원료를 식품용으로 사용하고, 식품수준으로 관리하는 제조시설을 갖춰 펫 휴머니제이션을 지지한다.

하림펫푸드 이은아 마케팅팀장은 “펫휴머니제이션과 100% 휴먼그레이드 철학을 바탕으로 식품 브랜드와 지속적인 콜라보를 통해 ‘더리얼 유니자장면’, ‘더리얼 용가리 멍치킨’에 이어 더리얼 만두를 출시하게 됐다”며 “사랑하는 반려견에게 간식을 제대로 먹이고, 함께 먹는다는 즐거움을 많은 사람들과 나누고 싶다”고 말했다.",http://www.fnnews.com/news/202311091013366191
2100101.202,2100101,2023.8.16,20230816,매일경제,진향희 스타투데이 기자(happy@mk.co.kr),"김태욱 ‘롬앤’ 팝업스토어, 1만명 넘게 몰렸다","롬앤이 1년 가까이 준비한 산리오캐릭터즈와의 협업. 사진 ㅣ아이패밀리SC
가수 출신 사업가 김태욱 회장이 론칭한 아이패밀리에스씨 글로벌 코스메틱 브랜드 ‘롬앤’이 팝업스토어를 열어 뜨거운 반응을 모았다.
롬앤X산리오 팝업스토어가 지난 달 31일부터 8월 6일까지 7일간 서울 여의도 더현대서울 1층에서 열린 가운데, 1일 1000명이 넘는 대기 인원이 몰릴 만큼 대성황을 이뤘다.
이번 행사는 롬앤이 1년 가까이 준비한 산리오캐릭터즈와의 협업의 일환이었다. 산리오 대표 캐릭터인 쿠로미와 마이멜로디를 통해 “어떤 나도 좋아”라는 자기애 콘셉트로 진행됐다.

2016년 론칭된 코스메틱 브랜드 롬앤은 ‘콜라보 장인’으로 불릴 만큼 실험적이고 다양한 시도를 통해 여러 성공 모델을 갖고 있다. 지난 2019년 ‘빨강머리앤’에서는 “빨강머리여도 괜찮아”라는 콤플렉스를 위로하는 캠페인 메시지를 전달했으며, 2021년 ‘라인프렌즈’ 콜라보에서는 ‘작지만 강한 나’라는 잠재력에 대한 응원 캠페인을 운영했다.
이번 산리오 캐릭터즈 콜라보 역시 어떤 캐릭터(성격)를 갖고 있는 “나”도 응원한다는 ‘자기애’ 메시지를 담아 소비자로 하여금 많은 공감을 불러 일으키며 매출 면에서도 기존 콜라보 중 가장 높은 성과를 달성했다.
롬앤 담당자는 “여러 콜라보를 준비하면서 어떻게 하면 브랜드가 소비자분들에게 우리의 진심을 담아낼 수 있을지를 늘 고민하면서 이번 행사도 준비했다”며 “앞으로도 롬앤의 브랜드와 제품을 통해 즐거움과 기쁨. 위로와 용기를 잘 전달할 수 있는 소비자의 브랜드로 성장하기 위해 최선을 다 할 것” 이라고 밝혔다.
한편, 아이패밀리에스씨는 2023년 2분기 매출액 367억, 영업이익 51억, 순이익 40억을 기록했다고 지난 14일 공시했다.
2분기 매출액과 영업이익 및 순이익은 각각 전년동기 대비 68%, 154%, 148% 증가, 직전분기 대비 12%, 9%, 7% 증가한 수치로, 지난 1분기에 이어 최대 분기실적을 또 한번 경신했다.",http://www.mk.co.kr/article/10808482
2100311.202,2100311,2023.10.15,20231015,서울경제,김현진 기자,캐릭터 상품서 문구까지 '어린이 아지트' 된 편의점,"GS25 문구매출 전년比 176%↑
한 고객이 편의점 GS25에서 캐릭터 문구 상품을 고르고 있다. 사진 제공=GS리테일
편의점이 캐릭터 상품과 문구류 등을 다양하게 취급하면서 10대 초반 어린이들의 아지트로 거듭나고 있다.


15일 편의점 업계에 따르면 최근 편의점 전체 매출에서 10대 매출이 차지하는 비중이 증가하고 있는 가운데 편의점들이 Z세대의 트렌드에 맞춘 캐릭터 상품들을 선보이고 있다. GS25가 취급하고 있는 산리오·미니언즈·카카오 등 문구제품 매출은 올 9월 기준 전년 동기 대비 176.4% 증가했다. GS25 관계자는 “1020세대를 겨냥해 관련 상품 구색을 크게 늘렸다”며 “집 근처 편의점에서 캐릭터 문구를 구매하는 10대들이 많아지는 모습”이라고 설명했다.


편의점 CU는 올해 캐릭터 상품에서 10대의 매출 비중이 30%이상 차지하고 있다. 전체 매출 중에서 10대 비중도 지난 2019년 3.0%에서 올해 9월 5.5%로 뛰어올랐다. CU는 짱구·원피스·코난·쿠키런·꽃카 등 다양한 캐릭터 시리즈를 출시했는데 특히 지난해 냉장 가정 간편식(HMR)으로 처음 출시한 짱구 콜라보 상품이 큰 인기를 끌고 있다. CU 관계자는 “지난 3개월 간(7~9월) 짱구 시리즈 매출은 지난해 출시 초기 대비 65.1%나 늘었다”며 “9월 기준 냉장 밀키트 판매 순위를 보면 짱구 참치마요덮밥이 1위를 차지하는 등 1~5위 모두 짱구 캐릭터 콜라보 상품”이라고 설명했다. CU는 최근 뽀로로 애니메이션 속 북극곰 캐릭터 ‘포비’의 확장판 캐릭터 ‘포비빅’ 콜라보 빵을 출시하기도 했다.


세븐일레븐은 지난 7월 ‘산리오캐릭터즈’ 디자인을 담은 세븐셀렉트 PB 과자를 선보였다. 산리오캐릭터즈 인기에 힘입어 출시 직후부터 좋은 반응을 얻으면서 올해 9월 매출은 8월 대비 80% 증가했다. 세븐일레븐은 올해 글로벌 캐릭터 기업 산리오와 정식 라이선스 계약을 맺고 브랜드 콜라보 아트워크 시리즈를 선보이고 있다. 현재까지 세븐카페 컵, 여행용 캐리어, 소용량 과일 등 다양한 카테고리에 걸쳐 출시됐다. 특히 지난 2월에 선보인 산리오 중·소형 캐리어는 출시 열흘 만에 10만 개를 판매하는 등 인기를 끌었다.",http://www.sedaily.com/NewsView/29VYXCP637
2100311.202,2100311,2023.8.31,20230831,서울경제,김동호 기자,락토핏X망그러진곰 미니 에코백 한정판 출시,"종근당건강의 ‘락토핏’이 MZ세대 사이에서 인기 있는 ‘망그러진곰’ 캐릭터와의 콜라보 제품을 올리브영에 단독으로 출시한다. 이번에 출시되는 락토핏 X 망그러진곰 한정판 에디션은 가을철 나들이 시즌을 맞아 캐릭터가 들어간 스페셜 패키지와 미니 에코백으로 구성됐다. 특히 제품 박스부터 내부 스틱 포까지 망그러진곰 일러스트를 전면 삽입하여 구매하는 순간부터 섭취 시까지 기분 좋은 경험을 선사한다. 소장가치 높은 굿즈로 손색없어 한정판으로써 의미를 더한다. 함께 제공되는 미니 에코백은, 망그러진곰을 좋아하는 남녀노소 누구나 언제 어디서든 가볍게 들고 다닐 수 있는로 실용성과 귀여움을 한 번에 잡은 제품으로, 가을 나들이용으로 더할 나위 없는 굿즈가 될 것으로 보인다. ‘락토핏 골드 망글곰 에디션’은 8월 31일부터 오직 올리브영에서만 만나볼 수 있으며, 재고 소진 시 판매는 조기종료 될 예정이다. 한편, 락토핏은 지난 6월 카카오선물하기에서 망그러진곰 콜라보 기획세트를 출시한 바 있다. 나들이 시즌을 맞아 출시된 망그러진곰 피크닉세트는 출시 당일 최근 3개월 대비 일일 판매액이 약 2,000% 상승하며 세간의 이목을 집중시켰다. 업계에서는 인지도, 선호도, 고객만족도 측면에서 1등을 차지하며(칸타월드패널, 2022) 그랜드슬램을 달성한 락토핏이 이제는 적극적인 컬래버를 통해 건강기능식품 업계에 새로운 바람을 일으킨다고 평하고 있다. 락토핏 담당자는 “망그러진곰과 처음으로 진행했던 피크닉매트 콜라보가 맘키즈 고객은 물론 MZ세대에게까지 큰 반향을 일으켰다.”며, “그 성원에 보답하고자 망그러진곰과의 또 다른 새로운 콜라보를 기획했고, 맘키즈와 MZ세대 모두 이를 통해 즐거움을 느끼셨으면 좋겠다”고 말했다. 대한민국을 대표하는 유산균 브랜드로서, 더 재미있는 콜라보레이션을 통해 즐거운 유산균 소비문화를 만들어가는데 앞장설 락토핏의 미래가 기대된다.",http://www.sedaily.com/NewsView/29TMCU8KP5
2100801.202,2100801,2023.9.18,20230918,아시아경제,영남취재본부 황두열,[인사] 동의대학교,"▲교육혁신처 콜라보교육인정평가단장 강병철 ▲대학혁신지원사업단

영남취재본부 황두열 기자 bsb03296@asiae.co.kr",https://view.asiae.co.kr/article/2023091811072324813
7101201.202,7101201,2023.10.25,20231025,디지털타임스,김수연,"브리타, `여행에미치다` 손잡고 지속가능 힐링여행 제안","브리타와 여행에미치다 협업 콘텐츠. 브리타 제공
브리타는 국내 대표 여행 커뮤니티 미디어 '여행에미치다'와 콜라보로 '브리타 정수기와 함께하는 청정 제주 한 달 살기' 협업 콘텐츠를 공개했다고 25일 밝혔다.



브리타와 여행에미치다는 청정 자연을 지키는 '쓰레기 없는 지속 가능한 여행'을 보여주기 위해 이번 협업을 기획했다. 제주의 정경과 함께 일상 속에서 다양하게 활용되는 브리타 정수기를 집중 조명하며 플라스틱 생수병 배출 없이 즐기는 착한 여행, 가치소비에 대한 욕구를 불러일으킨다는 콘셉트다.



협업 콘텐츠에는 친환경 제주 한 달살이를 즐기는 여행자의 일상이 담겨있다. 시장에서 사 온 제철 식재료와 브리타 정수 물을 활용해 식사를 만들거나 텀블러에 브리타 정수 물을 준비해 오름으로 산책을 떠나고, 브리타와 함께 해변에서 피크닉과 차박을 즐기는 등 브리타 정수기와 함께하는 지속 가능한 라이프스타일이 드러난다.



콜라보의 일환으로 브리타 정수기 체험 이벤트도 진행, 추첨을 통해 20명에게 브리타의 프리미엄 정수기인 '스타일 XL'를 증정한다.김수연기자 newsnews@dt.co.kr",http://www.dt.co.kr/contents.html?article_no=2023102502109932102010&ref=jeadan
1100501.202,1100501,2023.9.25,20230925,문화일보,조해동,"에스알, LG스포츠와 열차-경기관람 연계 협력","SRT 승차권-야구 관람권 패키지 상품 개발, 콜라보 굿즈 제작 등SRT 운영사 국민철도 에스알(SR, 대표이사 이종국)은 LG스포츠와 함께 열차와 경기관람을 연계한 사업을 통해 지역사회와 함께하고 지속 가능한 발전을 위해 지난 22일 업무협약을 체결했다고 25일 밝혔다.



이날 열린 협약식에는 이종국 에스알 대표이사와 김인석 LG스포츠 대표이사 등이 참석한 가운데 양 사의 고객과 팬층 확대를 위해 다양한 연계사업을 추진하기로 했다.



에스알은 LG스포츠와 함께 △SRT 승차권과 야구 관람권을 결합한 패키지 상품 개발 △상호 온·오프라인 광고 매체를 활용한 광고 협력 △이벤트 경품 상호 협찬 △콜라보 굿즈 제작 △ESG 확산 및 지속가능한 미래가치 창출을 위한 협력사업 등을 협력할 계획이다.



이종국 에스알 대표이사는 ""SRT 경전·동해·전라선 운행확대로 더욱 많은 지역의 스포츠팬들이 SRT로 편리하게 전국의 스포츠경기를 관람할 수 있게 됐다""며 ""LG스포츠와 협력해 지역사회와 함께하고 지속 가능한 발전을 위해 노력하겠다""고 말했다.



조해동 기자",http://www.munhwa.com/news/view.html?no=2023092501039905015007
2100201.202,2100201,2023.9.4,20230904,머니투데이,황예림|기자,"'망그러진곰' 왔다 우리카드, 한정판 디자인 플레이트 출시","/사진제공=우리카드
[머니투데이 황예림 기자]
우리카드가 인기 캐릭터 '망그러진곰'과 콜라보한 한정판 디자인을 출시했다고 4일 밝혔다.

이번 콜라보로 지난달 출시한 신상품 '카드의정석 에브리원'에 망그러진곰 디자인 2종이 추가됐다. 내년 8월말까지 1년간 발급 가능한 한정판 디자인이며 카드 플레이트뿐만 아니라 상품안내장, 배송 세트까지 망그러진곰 에디션으로 받아볼 수 있다. 카드 혜택은 카드의정석 에브리원과 동일하다.

디자인은 망그러진곰 팬과 우리카드 고객의 선호도 조사 및 투표를 통해 엄선됐다. 올해 4월부터 망그러진곰 인스타그램 계정을 통해 5개 콘셉트의 디자인 선호도 조사를 진행했다. 약 3만명이 참여했고 해당 게시글의 좋아요 수는 2만5000개를 달성했다. 1·2위를 차지한 △행운망곰 △대왕망곰이 각각 2만9000개, 2만1000개의 투표를 받아 최종 선정됐다.

콜라보 디자인 출시를 기념해 이벤트를 진행한다. 해당 카드를 발급받는 선착순 1만명 고객은 카드 수령 시 망그러진곰 한정판 스티커 2매를 함께 받을 수 있다. 내달말까지 우리카드 공식 인스타그램(@wooricard_kr)을 팔로우하고 망그러진곰 캐릭터를 직접 그려 인스타그램에 게시한 고객 중 10명을 추첨해 망그러진곰 쿠션 등 스페셜 굿즈도 증정한다.

카드의정석 에브리원의 연회비는 1만2000원이다.

우리카드 관계자는""MZ세대에 인기 있는 캐릭터와 콜라보한 카드를 출시해 고객 기반을 확대할 수 있을 것이라 기대한다""며 ""앞으로 혜택과 디자인 모두를 충족시키는 카드를 출시할 예정이니 많은 관심 부탁드린다""고 밝혔다.",http://news.moneytoday.co.kr/view/mtview.php?no=2023090410103516117&type=2
1100701.202,1100701,2023.11.8,20231108,세계일보,김정환,락토핏 콤보에 샘플키트까지 락토핏xCGV 콜라보 캠페인 시작,"종근당건강의 유산균 브랜드 락토핏이 국내 멀티플렉스 영화관 CGV와 협업하여 11월 8일부터 21일까지 2주간 ‘락토핏 콤보’를 판매한다. CGV와 종근당건강의 협업은 건강기능식품 업계 최초 타사와의 콜라보이며, 종근당건강은 지난 5월 락토핏 모델로 발탁된 박서준의 할리우드 출연 신작 “더 마블스”의 개봉에 맞춰 락토핏 콤보를 선보일 계획이다.

락토핏 콤보는 L 사이즈 팝콘과 M 사이즈 음료 2잔, 락토핏 골드 샘플 키트(2포)로 구성된 2인용 세트로 락토핏 브랜드 색인 노란색을 팝콘 통의 포인트 색상으로 활용한 것이 특징이다. 락토핏 콤보를 구매한 소비자는 온라인 프로모션 혜택도 받을 수 있다. 온라인 프로모션은 해당 콤보 구성품 중 락토핏 샘플키트의 QR을 촬영하면 간단히 확인할 수 있으며, QR 촬영 시 발급되는 시크릿 쿠폰을 종근당 공식몰에 등록하면 락토핏 제품 6,000원 할인 혜택을 제공받을 수 있다.

종근당건강 관계자는 “락토핏 모델 박서준의 신규 영화 개봉에 맞춰, 영화관에서도 락토핏을 만나보실 수 있게 락토핏 콤보를 준비했다”며, “다른 브랜드에서 시도하지 않은 도전적인 마케팅인만큼 화제성과 세일즈 두 마리 토끼를 잡을 수 있을 것으로 기대된다”고 덧붙였다.

한편, 종근당건강과 CGV의 콜라보 상품인 락토핏 콤보는 전국 CGV 매장에서 구매할 수 있다.


김정환 기자 hwani89@segye.com",http://www.segye.com/content/html/2023/11/07/20231107513593.html
2100501.202,2100501,2023.8.16,20230816,파이낸셜뉴스,정상균 기자 (skjung@fnnews.com),"포스코, 기업 광고도 바꿨다..""판타지와 철이 만나 판타스틸""","포스코가 14일 공개한 '판타스틸-신(新)철기 시대의 서막' 광고의 한 장면. 포스코 제공
넥슨과 첫 콜라보 이색광고 내보내
전국 극장, 온라인 플랫폼에 공개
최고 품질 포스코 철강 제품 등장
게임 판타지와 접목해 스토리텔링
""2030세대들이 철강 더 쉽게 이해""






[파이낸셜뉴스] 포스코가 기존 광고의 틀을 깨고 게임업체와 콜라보 광고를 처음 선보였다. 2030 젊은세대들이 철강을 친근하고 쉽게 접할 수 있도록 하겠다는 취지다. 넥슨과 협업한 광고는 공개(8월14일) 이틀 만인 16일 현재 조회수 110만이 넘었다.

이날 포스코는 첫 콜라보 광고 '판타스틸-신(新)철기시대의 서막'을 전국 극장과 온라인 동영상 플랫폼에 공개했다고 밝혔다.

이번 광고는 국내 게임회사 넥슨과 협업한 포스코 최초의 콜라보 광고다. 젊은 세대와 공감할 수 있는 세련된 영상미가 특징이다. '위대한 철의 기술'로 평화로운 인류를 지키는 철의 가치를 임팩트 있게 그려냈다는 평가다.

광고 슬로건인 '판타스틸(FANTASTEEL)'은 판타지(Fantasy)와 철(Steel)의 합성어다. 포스코가 지난 7월 선포한 'Better World with Green Steel' 비전 슬로건을 젊은 세대의 눈높이에 맞춰 광고 슬로건으로 재해석한 것이다.

하정진 포스코 커뮤니케이션 그룹장은 ""친환경 철강으로 미래세대가 꿈꾸고 바라는 판타지 같은 '더 좋은 세상(Better World)'을 만들겠다는 의미를 갖고 있다""고 했다.

광고는 포스코가 자체 제작한 게임 시네마틱 영상에 넥슨의 '프라시아 전기'를 결합, 중세시대 판타지 프레임이 배경이다. 포스코의 철강제품은 게임 아이템으로 등장한다. △초고강도 강판인 기가스틸 △고강도·경량화를 위해 이종 소재를 결합한 멀티머티리얼 △내식성이 우수한 포스맥 기반의 불연컬러강판 △영하 165℃ 극저온에서도 우수한 강도를 유지하는 고망간강 등 철강제품을 전투 기술과 아이템에 접목해 포스코 제품의 우수성을 강조했다.

이번 광고는 유튜브 포스코TV 등 SNS 채널에서 볼 수 있다.

포스코는 채널별 특성에 맞춰 15초 티저부터 30초 본편, 풀스토리가 포함된 장편 영상까지 다양한 포맷으로 제작했다.

영화관에서 상영 중인 2분 분량의 장초수(長秒數) 광고는 극장의 넓은 화면에서 시청할 수 있다. 풀 3D로 제작된 뛰어난 영상미는 일상 속에서 게임을 자주 즐기는 젊은 세대들에게 각광을 받을 것으로 기대된다.

오는 10월 광고 후속편도 나온다. 포스코는 친환경 마스터 브랜드 Greenate(그리닛), 수소환원제철 등 포스코의 탄소중립 추진 노력과 의지를 담은 후속편 '판타스틸-그린스틸이 만든 미래'에서 친환경 철강 리딩기업의 위상을 보여줄 계획이다.

콜라보 광고 공개 기념 다양한 이벤트도 열린다. 게임 플레이어들은 9월 6일까지 '프라시아 전기' 게임에서 진행되는 판타스틸 제전 이벤트에 참여하면 된다. 미션을 수행하고 포스코 판타스틸 파편 등을 보상받아 아퀴 성장 초기화 주문서, 포스코 판타스틸 배지 등 다양한 게임 아이템을 제작할 수 있다.",http://www.fnnews.com/news/202308161137515029
7101201.202,7101201,2023.9.8,20230908,디지털타임스,연소연,"e편한세상, 덴마크 프리미엄 리빙 브랜드 `프리츠한센`과 콜라보","프리츠한센
대한민국 대표 아파트 브랜드 'e편한세상'이 150년 역사의 덴마크 리빙 브랜드 ''과 스페셜 콜라보레이션을 진행한다. 각 분야에서 최고의 브랜드이자 시장을 리드하고 있는 2개의 브랜드가 만나 특별한 제안을 준비한 만큼 업계에 이목이 쏠리고 있다.



DL이앤씨는 이번 콜라보를 통해 소비자들에게 e편한세상의 주거 공간에서 프리츠한센 가구가 어우러져 일상을 더욱 특별하게 만드는 프리미엄 라이프스타일과 새로운 경험을 선사한다는 계획이다.



DL이앤씨와 콜라보를 진행하는 프리츠한센은 1872년 덴마크에서 설립돼 약 150년 전통의 국제적인 명성을 가진 디자인 브랜드로 가구, 조명 등 인테리어 제품 시장을 이끌고 있다. 프리츠한센은 아름다운 디자인과 우수한 품질, 장인 정신 등이 담긴 모던한 북유럽 라이프스타일을 선보이며, 아르네 야콥센, 폴 케홀름, 세실리에 만즈, 한스 J.웨그너, 피에로 리쏘니 등의 세계적인 작가와 디자이너, 건축가들과 지속적인 협업을 하고 있는 브랜드이다.



이번 콜라보는 9월 중 분양 예정인 'e편한세상 강동 프레스티지원', 'e편한세상 검단 웰카운티' 2개 단지의 주택전시관에서 만나볼 수 있다. 유니트에 소파, 테이블, 의자, 조명 등 프리츠한센의 대표 리빙 제품들이 전시되며, e편한세상 주택전시관을 방문한 고객들이 단지의 세대 평면 구조/디자인/마감재 등과 더불어 프리미엄 가구들이 어우러진 리빙 인테리어 트렌드까지 감상해볼 수 있는 특별한 기회를 제공할 예정이다.



또한 오픈 3일 간 주택전시관 내 프리츠한센 홍보부스도 마련해, 방문객들에게 브랜드 및 제품에 대한 상담과 자세한 안내도 제공한다. 특히 e편한세상 고객만을 위한 특별한 혜택 제공의 일환으로, 프리츠한센의 스페셜 할인 바우처도 증정될 계획으로 그 의미를 더한다.



DL이앤씨 관계자는 ""이번 프리츠한센과의 콜라보는 한국에서 가장 많은 사람들이 거주하고 있는 공동주택의 주택전시관에서 최고의 리빙 브랜드의 가구를 전시해, 비슷한 구조나 평형이더라도 거주자의 취향이나 가치관이 담긴 가구나 소품에 따라 공간의 감성과 라이프스타일이 변화할 수 있다는 부분을 보여주고자 했다""며, ""e편한세상과 프리츠한센이 함께 제안하는 프리미엄 주거 공간과 리빙 인테리어 트렌드를 경험하는 뜻 깊은 시간이 되길 바란다""고 전했다.



e편한세상과 프리츠한센은 앞으로도 지속적인 협업을 통해 향후 분양 단지에서의 콜라보 및 소비자들을 만나는 다양한 프로그램들도 진행해나갈 계획이다.



한편, 이번 협업을 통해 주택전시관에서 프리츠한센의 가구를 만나볼 수 있는 'e편한세상 강동 프레스티지원'은 9월 중 분양 예정이다. 서울 강동구 천호동 일원, 천호3구역 주택재건축 정비사업을 통해 공급되는 이 단지는 지하철 5, 8호선 천호역이 반경 450m 내 위치해 도보 약 8분이면 이용이 가능한 더블 역세권 입지와 함께 바로 앞 천호공원과 함께 한강공원을 도보(약 600m)로 누릴 수 있는 공세권 입지를 갖추고 있다. 지역 내에서도 경쟁력 높은 고급 커뮤니티 시설이 적용되며, AI주차유도시스템을 적용해 주차 편리성을 제공하는 것은 물론 법적 의무 설치 기준(5%)보다 2배 이상 많은 전기차 충전시설이 마련된다. 이 단지 지하 3층~지상 25층, 8개 동, 총 535가구 규모로 조성되며, 이 중 전용 44~84㎡, 263가구가 일반분양된다.



또한 DL이앤씨 컨소시엄은 9월 인천 서구 검단신도시 AA10-1블록에 'e편한세상 검단 웰카운티'를 분양할 예정이다. 단지 도보권에 인천도시철도 1호선 검단연장선 신설역 101역(가칭)이 개통될 예정('25년)으로 역세권 입지를 누릴 수 있다. 개통 시 환승역인 계양역(공항철도·인천지하철 1호선)을 기점으로 서울 접근성이 크게 개선될 전망이다. 4베이 판상형 위주의 구조를 적용하며 현관 팬트리와 함께 평형 별로 주방팬트리, 복도팬트리 등 넉넉한 수납공간을 확보했다. 이 단지는 전용면적 85㎡ 이하(59㎡, 84㎡) 국민주택과 전용면적 85㎡ 초과(104㎡) 민영주택으로 구성되어 있으며, 지하 2층~지상 25층, 14개 동(테라스 3개 동 포함), 총 1,458가구의 대단지로 조성된다.



연소연기자 dtyso@dt.co.kr",http://www.dt.co.kr/contents.html?article_no=2023090802109923056002&ref=jeadan
7101201.202,7101201,2023.10.15,20231015,디지털타임스,김나인,"`자체 개발` 빅데이터로 상권 분석 LGU+, 홈리빙 콜라보매장 문열어","일상의틈 잠실새내점에서 LG유플러스 모델이 스마트폰과 홈리빙 상품을 소개하고 있다. LG유플러스 제공
LG유플러스는 자체 개발한 빅데이터 상권 분석 솔루션을 활용, 서울시 잠실동 '일상의틈 잠실새내점' 내 홈리빙 콜라보 매장을 열었다고 15일 밝혔다.



홈리빙 콜라보 매장은 MZ세대에게 셀프 인테리어 제품으로 인기를 끄는 디자인 펀딩 플랫폼 '와디즈' 및 디자인 스튜디오 밀리미터밀리그램(이하 MMMG)과 협력해 오픈했다. LG유플러스 통신 매장에 여행용 캐리어, 에스프레소 머신, 디자인 달력 등 홈리빙 제품을 판매하는 공간이 숍인숍 형태로 입점하는 방식이다.



이번 프로젝트에는 LG유플러스가 자체 개발한 빅데이터 상권 분석 솔루션이 적용됐다. 이 솔루션은 매장 면적, 유동 인구, 경쟁 업체 개수 등 상권 분석과 함께 NICE정보통신의 카드 매출 데이터를 기반으로 주변 상권 내 주요 소비 연령, 방문 시간대, 업종별 매출 등 빅데이터 분석을 통해 최적의 업종과 위치를 산출한 것이 특징이다.



이후 데이터 분석 값 및 동네 분위기, 지역 불편 사항 등 데이터로는 나타나지 않는 부분을 확인하기 위해 해당 지역의 LG유플러스 매장 점장과 심층 인터뷰 실시해 최종 검증 절차를 거쳤다.



자체 분석 결과, 잠실새내점의 경우에는 주변 유동 인구의 약 45.3%가 2030세대로 집계됐다. 그러나 패브릭, 의류, 악세사리 등 소비량에 비해 관련 상품을 구매할 수 있는 점포수가 부족한 것으로 조사됐다. 이에 LG유플러스는 셀프 인테리어, 가치 소비 등에 관심이 많은 고객을 대상으로 디자인 및 친환경 증심의 제품을 다수 보유한 와디즈 및 MMMG와 협력을 결정했다고 설명했다.



LG유플러스는 올해 사진, 쇼핑, 여행, 스마트폰 배움실 등 특화 매장을 운영하는 '매장플랫폼 전략'을 추진하고 있다. 향후 빅데이터 기반 상권 분석을 통해 매장을 단순한 판매 채널을 넘어 오프라인 플랫폼으로 발돋움 하겠다는 전략이다.



이재원 LG유플러스 MX혁신그룹장은 ""향후 데이터 기반 상권 분석 솔루션을 고도화해 통신 매장이 오프라인 플랫폼으로 진화하는 데 속도를 낼 것""이라고 말했다.김나인기자 silkni@dt.co.kr",http://www.dt.co.kr/contents.html?article_no=2023101502109931029002&ref=jeadan
2100801.202,2100801,2023.10.17,20231017,아시아경제,오유교,블랙핑크 제니X타케우치 나오코 스페셜 콜라보 MD 출시,"제니 ‘You & Me’ 공식 MD 출시 위버스샵, YG SELECT에서 17일 예판 시작 ‘세일러문’ 작가 타케우치 나오코 콜라보
엔터테인먼트 인프라 및 IP 사업 전문기업 YG PLUS는 블랙핑크 제니와 인기 애니메이션 '세일러문'의 작가 타케우치 나오코의 스페셜 콜라보 MD를 출시한다고 17일 밝혔다. 제니의 스페셜 싱글 '유앤미(You & Me)'는 몽환적인 신스에 감미로운 보컬이 더해져 짙은 중독성을 선사하는 곡으로 지난 6일 정식 음원으로 발매됐다. 타케우치 나오코가 직접 앨범 아트워크를 작업하여 곡의 분위기를 배가해 더 큰 화제가 됐다.제니의 '유앤미' 공식 MD는 “아이 러브 유앤미, 댄싱 인 더 문라이트(I love you and me, Dancing in the moonlight)”라는 가사가 어울리는 만월, 춤과 노래의 몽환적 감성을 고스란히 담은 것이 특징이다. 이번 MD를 기획한 YG SELECT 관계자는 “티셔츠, 스웨트셔츠, 쿠션커버, 폰케이스(클리어/블랙), 아트포스터로 구성된 ‘유앤미 MD’는 제니의 모습을 세일러문 원작자 타케우치 나오코의 감각으로 풀어낸 것이 특징”이라며 “블랙핑크 팬들에게 유니크한 경험을 선사할 것""이라고 설명했다.

‘유앤미’ 공식 MD는 17일 오후 2시부터 위버스샵과 YG SELECT 중문몰에서 예약 판매가 열린다. 추후 YG PLACE 인사점과 더세임(the SameE) 합정점에서도 구매가 가능하다.

오유교 기자 5625@asiae.co.kr",https://view.asiae.co.kr/article/2023101715234129857
1500601.202,1500601,2023.11.8,20231108,매일신문,김우정,"'푸바오랑 네컷사진을?', 인생네컷 ‘푸바오 프레임’ 내달 31일까지 전국 매장 오픈"," 푸바오의 다채로운 매력과 바오 패밀리의 사랑스러운 모습 담은 프레임 8종 공개
인생네컷 제공
글로벌 셀프 포토 스튜디오 브랜드 '인생네컷'이 푸바오 프레임을 내달 31일까지 전국적으로 오픈한다고 8일 밝혔다.

이번 푸바오 콜라보 프레임은 전 국민적으로 사랑을 받고 있는 에버랜드의 판다, 푸바오와 함께 소중한 추억을 남길 수 있는 기회로 전국 인생네컷 매장에서 12월 31일까지 총 8가지 종류의 프레임으로 촬영 가능하다.

푸바오와 같이 찍는 위드 프레임 디자인과 푸바오의 별명들인 '푸린세스', '푸요미'와 같은 모습을 만날 수 있다. 또 푸바오 뿐만 아니라 아빠 판다 '러바오'와 엄마 판다 '아이바오'의 개인 프레임도 제공하며, 바오 패밀리와 모두 촬영 가능한 프레임까지 만날 수 있다.

인생네컷 관계자는 ""푸바오의 다양한 매력을 네 컷에 담을 수 있도록 노력했다""며 ""남녀노소 사랑받고 있는 푸바오와의 콜라보를 통해 인생네컷을 이용해 주시는 다양한 연령대의 고객분들에게 즐거움이 되길 바란다""라고 전했다.

한편, 푸바오 프레임 및 인생네컷의 다양한 소식은 인생네컷 공식 인스타그램을 통해 확인할 수 있다.",https://news.imaeil.com/page/view/2023110811335089997
1700101.202,1700101,2023.9.6,20230906,제민일보,전예린,동화 음악회 '퍼플엘리' 공연,"9일 국립제주박물관서
동화 음악회 '퍼플엘리'의 공연 모습.
국립제주박물관(관장 박진우)은 오는 9일 오후 5시 박물관 강당에서 비아트리오의 동화 음악회 '퍼플엘리'를 공연한다.
'비아트리오'는 4명이 연주하는 월드뮤직 앙상블로 클래식과 대중음악의 콜라보를 통해 다채로운 무대를 선보이고 있다.
공연 '퍼플엘리'는 웹툰 형식의 그림 동화책 '퍼플엘리'를 원작으로 소녀 써니와 써니의 친구 보라색 코끼리 퍼플엘리가 세계를 여행하면서 일어나는 이야기를 그렸다.
입장료는 무료이며 사전 예약 없이 진행된다. 전예린 기자",
1100401.202,1100401,2023.9.20,20230920,동아일보,,산업안전보건교육 파헤치기 [카드뉴스],"본 캠페인은 한국산업안전보건공단과 동아일보가 함께하는 언론 캠페인입니다.

한국산업안전보건공단이 제공하는 양질의 카드뉴스 콘텐츠와 메이저 언론사 동아일보의 콜라보로 국민들께 앞으로도 더욱 유익한 공익정보를 제공할 예정입니다. 안전문화 확산에 대한 많은 관심 감사 드립니다.",https://www.donga.com/news/Society/article/all/20230920/121265566/1
7100501.202,7100501,2023.10.17,20231017,전자신문,김민수,발표 집중하는 이노베이션 솔루션 데이 2023 청중들,"한국정보산업연합회와 전자신문이 주최하는 '이노베이션 솔루션데이 2023'이 'AI for work-일잘러와 AI의 콜라보'를 주제로 17일 서울 서초구 엘타워에서 열렸다. 청중들이 발표를 경청하고 있다.

김민수기자 mskim@etnews.com",http://www.etnews.com/20231017000296
7100501.202,7100501,2023.11.14,20231114,전자신문,박정은,넷마블 '신의 탑: 새로운 세계' 커스텀 PC 출시... 컴퓨존서 300대 한정 판매,"신의 탑: 새로운 세계 콜라보 PC
넷마블은 전자제품 전문 쇼핑 플랫폼 컴퓨존과 협업해 ''를 출시한다고 14일 밝혔다.

'신의 탑: 새로운 세계 콜라보 PC'는 게이밍에 최적화된 PC다. △AMD 라이젠 5 라파엘 7500F △그래픽카드 Colorful iGame 지포스 RTX 4060 Ti ULTRA △하이엔드급 SSD인 SK하이닉스의 Platinum P41 M.2 NVMe 등을 탑재해 게이밍에 최적화됐다. 파노라믹뷰 강화 유리 케이스 '잘만 P30'을 '신의 탑' 에디션으로 제작해 소장가치를 높였다.

신의 탑: 새로운 세계는 조회수 60억회를 돌파한 네이버웹툰 '신의 탑'을 기반으로 한 수집형 애니메이션 RPG다. 원작을 압도적 퀄리티 그래픽으로 한 편의 애니메이션처럼 즐길 수 있다. 쉽고 간편한 게임성을 전면에 내세웠다.

박정은 기자 jepark@etnews.com",http://www.etnews.com/20231114000061
7100501.202,7100501,2023.9.8,20230908,전자신문,박정은,"시프트업 '승리의 여신:니케', 니어: 오토마타 컬래버 힘입어 일본 매출 1위","일본 인기 게임 '니어: 오토마타'와 컬래버레이션한 시프트업 '승리의 여신:니케'
시프트업 '승리의 여신:니케'가 서브컬처 게임 본고장 일본 앱스토어 매출 1위를 재탈환했다.

시프트업이 개발하고 레벨 인피니트가 서비스하는 '승리의 여신:니케'는 최근 '니어: 오토마타' 컬래버레이션 업데이트가 이용자로부터 큰 호응을 얻었다. 9월 1일 업데이트 당일에는 일본 다운로드 1위로 상승 여력을 기대하게 했고 4일 차에 매출 3위로 순위를 끌어 올렸다. 8일에는 콜라보 캐릭터 A2 추가 업데이트되며 매출 1위 자리에 다시 올랐다.

이번 콜라보로 국내에서도 앱스토어 5위, 대만 2위, 북미 10위 등 최고 순위를 기록했다. 이후 매출 상단에서 지속 흥행을 이어가고 있다. 승리의 여신:니케는 2022년 11월 4일 글로벌로 출시한 이후 10개월 동안 일본 앱스토어 매출 1위를 네 번 거머쥐었다.

유형석 시프트업 디렉터는 “시프트업 개발진 모두 '니어: 오토마타'의 팬이자 서브컬처 게임의 유저로 진심을 담은 이번 업데이트에서 1위를 기록해서 더욱 기쁘다”며 “니케가 전 세계적으로 오랫동안 사랑받는 IP가 될 수 있도록 개발과 운영에 최선을 다하겠다”고 말했다.

박정은 기자 jepark@etnews.com",http://www.etnews.com/20230908000195
1500051.202,1500051,2023.11.14,20231114,경남신문,박준영,"렛츠런파크 부경, 19 26일 ‘블랙프라이데이’","지역 소상공인 등 25개 업체 참가
한국마사회 렛츠런파크 부산경남이 지역 소상공인과 연계해 ‘깨알이와 함께하는 블랙 프라이데이’ 행사를 시행한다.

행사는 오는 19일과 26일 오전 11시부터 오후 5시까지 렛츠런파크 부산경남 더비랜드 광장에서 오프라인 할인 판매 형식으로 진행된다.

행사에서는 지역 소상공인과 사회적기업의 상품을 저렴한 가격에 구매할 수 있다. 상품은 모자, 액세서리, 주얼리, 디퓨저, 완구, 은공예품, 아동복, 건어물, 각종 디저트류 등으로 다양한 품목을 선보인다.

또 한국마사회 인기 말(馬) 캐릭터 ‘깨알이’와 콜라보한 키링, 초롱등, 머그컵, DIY상품, 문구류, 의류 제품도 판매한다. 우수한 품질의 상품에 깨알이 캐릭터의 귀여움을 더한 다양한 콜라보 상품이 소비자의 마음을 사로잡을 예정이다. 판매 제품 외에도 깨알이 캐릭터 디폼블럭, 우드색칠, 달고나뽑기 등 가족 단위 고객이 즐길 수 있는 다채로운 체험행사도 동시에 진행한다. 특히 26일에는 여러 차례 대한민국 주류대상을 수상한 1세대 브루어리 ‘화수브루어리’가 수제맥주 판매에 나선다. 바닐라스타우트, 아메리칸라거, 불멍, 유자페일에일, 캘슈 등 맥주 애호가들에게 인생 맥주라고 꼽히는 맥주들을 렛츠런파크에서 만날 수 있다. 당일 현장에서 직접 수제맥주를 마실 수 있으며 캔 맥주 구매도 가능하다.

자세한 사항은 한국마사회 홈페이지 공지사항을 통해 확인할 수 있다.

박준영 기자 bk6041@knnews.co.kr",
7100501.202,7100501,2023.10.23,20231023,전자신문,박정은,"펄어비스, 검은사막 X 비비고 '검은사만두' 출시","검은사막 X 비비고 '검은사만두'
펄어비스가 CJ제일제당 비비고와 함께 이색 콜라보 제품 '검은사만두'를 선보였다.

검은사만두는 기존 비비고 깔끔고기 만두, 진한김치 만두 2가지 제품에 검은사막 디자인을 패키징한 것이다. 35만개가량을 한정 판매한다. 전국 편의점과 지마켓, 옥션 등 온라인 유통 채널을 통해 구매 가능하다.

제품 구매 시 '검은사막 X 비비고 제휴 상자'를 얻을 수 있는 검은사막 쿠폰을 받을 수 있다. 쿠폰은 검은사막, 검은사막 모바일에서 각 1회 사용 가능하다.

검은사막 X 비비고 제휴 상자를 통해 검은사막은 △크론석 5000개 △'이벤트' 무기, 의상 프리미엄 상자 10개 △가모스의 심장 △벨의 심장 △발크스의 조언(+80) 등 19종 아이템을 제공한다.

검은사막 모바일은 △협동 토벌대 입장권 5개 △블랙펄 3000개 △'심연'~'태고' 어둠의 룬 상자 1개 등 14종 아이템 중 1개를 얻을 수 있다.

펄어비스는 검은사막 모험가에게 풍성한 혜택을 제공하고 온·오프라인 양면의 즐거움을 확대하기 위해 유통 업계과 콜라보를 지속 진행했다. 검은사막 신규 대륙 '아침의 나라' 출시에 맞춰 '검은사막걸리'를, 팔도와는 라면 '왕뚜껑은사막' 등 이색 제품을 선보였다.

박정은 기자 jepark@etnews.com",http://www.etnews.com/20231023000312
1100401.202,1100401,2023.9.27,20230927,동아일보,유윤종 문화전문,‘피아노 오케스트라’의 웅장한 화음,"내달 4∼7일 ‘경기 피아노 페스티벌’ 헝가리 거장 시프, 즉흥 선곡 연주
아마추어 피아니스트부터 현역 대표 피아노 거장 중 한 사람인 언드라시 시프(사진)까지, 솔로 리사이틀부터 피아니스트 30명의 ‘피아노 오케스트라’까지…. 피아노의 다양한 모습을 맛보는 축제가 열린다. 경기 수원시 경기아트센터가 ‘모두의 기회, 모두의 피아노’라는 주제로 10월 4∼7일 여섯 개의 무대를 마련한 ‘2023 경기 피아노 페스티벌’이다. 피아니스트 김대진 한국예술종합학교 총장이 예술감독을 맡았다.

축제 첫 무대는 4일 ‘오프닝 콘서트: 피아노 오케스트라’다. 제목처럼 피아노 15대, 피아니스트 30명이 출연한다. 미국 피아니스트 아서 그린이 솔로 연주하는 쇼팽 발라드 1번으로 시작해 차츰 인원을 늘려가며 피날레 곡인 베토벤 교향곡 5번 편곡판까지 오케스트라를 방불케 하는 웅장한 화음을 빚어낸다.

둘째 날인 5일에는 ‘마이 페이버리트 소나티네’ ‘피아노 콜라보의 밤’ 공연이 차례로 열린다. ‘마이 페이버리트 소나티네’는 수원시 음악협회의 공모를 통해 선정된 일반인 아마추어 피아니스트들이 피아노 입문자들에게 익숙한 쿨라우, 클레멘티 등의 소나티네(작은 규모의 소나타) 곡들을 릴레이로 연주한다. ‘피아노 콜라보의 밤’에는 피아니스트 8명과 영재 피아니스트 2명의 콜라보 무대가 마련된다. 생상스 ‘죽음의 무도’, 거슈윈 ‘랩소디 인 블루’ 등을 연주한다.

6일에는 바흐와 베토벤 음악의 현역 최고 해석자 중 한 사람으로 불리는 헝가리 출신 피아노 거장 언드라시 시프의 무대가 펼쳐진다. 공연 프로그램을 사전에 공개하지 않기로 유명한 시프는 이번 공연에서도 즉흥적인 선곡으로 연주를 선보이며 해설을 함께 곁들일 예정이다.

7일에는 ‘장애인과 함께 하는 모두의 콘서트’와 피날레 콘서트가 이어진다. ‘장애인과 함께 하는 모두의 콘서트’에서는 발달장애인 단원들로 구성된 ‘하트하트 오케스트라’가 김대진 피아니스트 협연으로 모차르트 피아노협주곡 23번 1악장 등을 연주한다. 피날레 콘서트에서는 성기선 지휘의 경기필하모닉오케스트라와 피아노 듀오인 신박듀오가 풀랑크 ‘두 대의 피아노를 위한 협주곡’을 협연하고, 피아니스트 임동민이 협연하는 베토벤 피아노협주곡 1번으로 마지막 무대를 화려하게 장식한다.

유윤종 문화전문기자 gustav@donga.com",https://www.donga.com/news/Culture/article/all/20230927/121395426/1
1400601.202,1400601,2023.9.20,20230920,충청일보,이한영 기자,"한국도공 대전충남본부, 쉬어과자ZONE 운영 큰 호응","한국도로공사 대표 브랜드 사용 협약식 장면
한국도로공사 대표 브랜드 사용 협약식 개최입장, 천안삼거리 등 경부선 7개소 '쉬어과자존' 운영 한국도로공사 대전충남본부가 20일 고속도로 휴게소장협의회 등 유관기관과 교통안전 의식개선을 위한 고속도로 교통안전 업무 협약식을 개최했다.

공사 대전충남본부 대표 브랜드인 '졸리면 쉬어과자'와 휴게소 인기 제품을 콜라보한 초코파이, 딸기파이, 마카로니, 강냉이, 누룽지스낵 등 5종의 쉬어과자 시리즈는 상품 출시ㆍ판매뿐만 아니라, 휴게소 내에서 일상 속 캠페인을 위한 '쉬어과자 ZONE' 확산 등 고속도로 교통안전을 위해 기획됐다.

졸리면 쉬어과자는 한국도로공사 대전충남본부가 자체 개발한 졸음운전 예방을 위한 교통안전 브랜드로 지난 2022년도에 대전 유명 제과점 하레하레와 협업해 1호 제품을 출시한 바 있다.

앞서 지난 8월부터 대전충남본부 지역 내 경부고속도로 주요 휴게소 편의점에 설치ㆍ운영 중인 '쉬어과자ZONE'은 휴게소 이용 고객들로부터 좋은 반응을 이끌어 내고 있다.

박진원 대전충남본부장은 ""안전한 고속도로 이용을 위한 시설개선, 교통안전캠페인 등 지속적인 노력에도 불구하고 좀처럼 안전사고가 줄지 않고 있는 실정이다""면서 ""졸리면 쉬어과자 콜라보 제품으로 고객들이 휴식을 즐기면서 동시에 교통안전에 대한 의식도 개선되길 기대한다""고 밝혔다. /대전=이한영기자",https://www.ccdailynews.com/news/articleView.html?idxno=2229506
1500051.202,1500051,2023.8.17,20230817,경남신문,이병문,하동예술단 총괄운영자에 홍애련씨,"하동군은 하동예술단 공연업무를 관장하는 총괄운영자에 홍애련(왼쪽) 씨를 지난 14일 임명했다. 홍애련 총괄운영자는 대구 현앙상블 대표, 경기챔버 여음 예술감독을 역임하며 예술성과 대중성의 조화로운 공연 기획을 통해 많은 관객의 호평을 받아온 것으로 알려졌다.

군은 “뛰어난 지도력으로 피아노와 장구의 이색적인 콜라보 기법을 활용한 청소년오케스트라 무대를 선보여 최우수상·지도자상을 수상한 경력이 있다”고 소개했다. 이병문 기자",
1500501.202,1500501,2023.8.17,20230817,대구일보,이은호,"대구 중구청, 중구의회 보조금 및 의정활동비 환수에 난항","중구청, 김효린 구의원에 제재부가금 1억1천500여만 원 8월초 고지서 통지||이경숙 전 구의원 의원직 상실에 따른 의정활동비 환수기한 넘겨
대구 중구의회 현판.
대구 중구청과 중구의회가 구의원의 부정수급에 따른 제재부가금, 전 구의원 대한 의정활동비 환수에 어려움을 겪고 있다.

국민권익위원회는 지난 6월28일 김효린 구의원(국민의힘)이 대구중구도심재생문화재단 ‘공예 주얼리 콜라보 지원사업’에 참여하면서 보조금을 부정수급 했다는 것으로 보고 환수조치 조치를 중구청에 통보했다. 이에 중구청은 제재부가금이 포함된 부정수급액 1억1천500여만 원에 대한 고지서를 통지했지만 김 구의원은 받아들일 수 없다는 입장이다.

김 구의원은 “공예 주얼리 콜라보 지원사업은 청년 일자리 사업의 하나로 2018년 당시 지원사업 대상자로 선정될 때 사업자번호를 갖고 있으면 안된다는 규정을 보지 못했다”고 주장하며 행정소송·행정심판 등을 염두에 두고 있다.

이와 함께 지난 4월 주소지 이전으로 의원직을 상실한 이경숙 전 구의원(더불어민주당)에 대한 의정활동비와 수당 등 환수조치도 지지부진하다.

지난 4월10일 이후 이경숙 전 구의원과 수개월째 연락이 닿지 않아서다.

중구의회는 환수조치에 대한 안내문을 내부 홈페이지에 게시했다. 의회는 이경숙 전 구의원에 지급된 의정 활동비 585만140원을 지난 11일 계좌번호로 송금해 반환하라는 내용을 공시송달로 조치했다. ‘의정활동비 등 환수에 따른 안내문 반송분 공시송달 공고’가 기간 만료일인 16일이 지났지만 의정활동비는 여전히 반납되지 않았다.

중구의회 관계자는 “해당 구의원의 주소로 의정 활동비에 대한 환수 안내를 담은 독촉장을 보내도 매번 폐문부재로 반송되고 있다. 현재 강제집행 절차도 준비 중에 있다”고 전했다.

이에 대해 우리복지시민연합 은재식 사무처장은 “이경숙 전 구의원은 의정활동비 환수 조치 건에 대해 명확한 입장을 내야한다. 피하는 것이 능사가 아니다”고 전했다.



이은호 기자 leho@idaegu.com",http://www.idaegu.com/newsView/idg202308170040
1500901.202,1500901,2023.11.14,20231114,울산매일,김성대 기자,"렛츠런파크 부경, '깨알이와 함께하는 블랙프라이데이' 개최","렛츠런파크 부경의 '깨알이와 함께하는 블랙프라이데이 홍보 포스터.
한국마사회 렛츠런파크 부산경남(본부장 송대영)은 지역사회와의 공공이익 실현에 앞장서는 '깨알이와 함께하는 블랙 프라이데이' 행사를 개최한다고 14일 밝혔다.

이번 행사는 오는 19일(일)과 26일(일) 오전 11시부터 오후 5시까지 렛츠런파크 부경 더비랜드 광장에서 지역의 소상공인과 사회적 기업 등 25개 업체가 참가해 오프라인 할인 판매 형식으로 진행된다.

행사에서는 지역 소상공인과 사회적기업의 상품을 저렴한 가격에 구매할 수 있다. 상품은 모자, 액세서리, 주얼리, 디퓨저, 완구, 은공예품, 아동복, 건어물, 각종 디저트류 등으로 다양한 품목을 선보인다.

또한 한국마사회 인기 말(馬) 캐릭터 '깨알이'와 콜라보한 키링, 초롱등, 머그컵, DIY상품, 문구류, 의류 제품도 판매한다. 우수한 품질의 상품에 깨알이 캐릭터의 귀여움을 더한 다양한 콜라보 상품이 소비자의 마음을 사로잡을 예정이다. 판매 제품 외에도 깨알이 캐릭터 디폼블럭, 우드색칠, 달고나뽑기 등 가족단위 고객이 즐길 수 있는 다채로운 체험행사도 동시에 진행한다.

특히 26일에는 여러 차례 대한민국 주류대상을 수상한 1세대 브루어리 '화수브루어리'가 수제맥주 판매에 나선다. 바닐라스타우트, 아메리칸라거, 불멍, 유자페일에일, 캘슈 등 맥주 애호가들에게 인생 맥주라고 꼽히는 맥주들을 렛츠런파크에서 만날 수 있다. 당일 현장에서 직접 수제맥주를 마실 수 있으며 캔 맥주도 구매가 가능하다.

깨알이와 함께하는 블랙 프라이데이 행사 관련 자세한 사항은 한국마사회 홈페이지 공지사항을 통해 확인할 수 있다.

한국마사회 송대영 부경본부장은 ""이번 행사를 계기로 앞으로도 지역 소상인과 사회적기업, 청년예술인 지원 등 지역사회와 함께하는 다양한 프로그램을 개발, 지역사회에 활력을 주는 사회적 가치 실현 구현에 앞장설 계획""이라고 밝혔다.

부산 / 김성대 기자",http://www.iusm.co.kr/news/articleView.html?idxno=1027657